take,t_ms,state,tilt_deg,hipV_per_s
1,81021.6,STANDING,3.15,0.000
1,81223.5,STANDING,1.95,0.026
1,81247.6,STANDING,1.37,0.006
1,81281.0,STANDING,1.30,-0.057
1,81314.3,STANDING,1.33,-0.057
1,81347.6,STANDING,1.40,-0.112
1,81380.9,STANDING,1.42,-0.181
1,81414.3,STANDING,1.20,-0.324
1,81447.7,STANDING,0.96,-0.210
1,81481.3,STANDING,0.93,-0.150
1,81514.3,STANDING,0.87,-0.293
1,81546.8,STANDING,0.96,-0.316
1,81580.4,STANDING,1.10,-0.409
1,81614.3,STANDING,1.11,-0.433
1,81647.6,STANDING,1.17,-0.493
1,81681.1,STANDING,1.17,-0.401
1,81714.2,STANDING,1.12,-0.322
1,81747.6,STANDING,1.18,-0.354
1,81782.0,STANDING,1.29,-0.311
1,81813.4,STANDING,1.43,-0.303
1,81847.7,STANDING,1.50,-0.198
1,81882.0,STANDING,1.50,-0.127
1,81913.5,STANDING,1.46,-0.129
1,81947.7,STANDING,1.38,-0.067
1,81980.0,STANDING,1.31,-0.149
1,82014.3,STANDING,1.11,-0.093
1,82046.7,STANDING,0.91,-0.217
1,82080.1,STANDING,0.70,-0.203
1,82114.3,STANDING,0.53,-0.181
1,82147.6,STANDING,0.36,-0.140
1,82181.0,STANDING,0.29,-0.069
1,82214.3,STANDING,0.39,-0.062
1,82246.9,STANDING,0.43,-0.071
1,82280.9,STANDING,0.47,-0.039
1,82314.5,STANDING,0.54,-0.065
1,82347.8,STANDING,0.61,-0.175
1,82381.0,STANDING,0.63,-0.242
1,82414.9,STANDING,0.59,-0.226
1,82448.7,STANDING,0.52,-0.134
1,82481.0,STANDING,0.45,-0.124
1,82514.2,STANDING,0.43,-0.123
1,82547.7,STANDING,0.46,-0.133
1,82581.1,STANDING,0.49,-0.094
1,82614.9,STANDING,0.60,-0.047
1,82656.9,STANDING,0.71,-0.010
1,82690.4,STANDING,0.91,0.006
1,82723.2,STANDING,0.97,0.060
1,82756.9,STANDING,0.94,0.109
1,82790.2,STANDING,0.83,0.132
1,82822.9,STANDING,0.75,0.133
1,82856.0,STANDING,0.61,0.150
1,82889.4,STANDING,0.41,0.154
1,82922.7,STANDING,0.27,0.172
1,82956.0,STANDING,0.32,0.189
1,82989.3,STANDING,0.38,0.237
1,83022.7,STANDING,0.29,0.321
1,83057.0,STANDING,0.19,0.341
1,83090.0,STANDING,0.16,0.295
1,83122.7,STANDING,0.16,0.260
1,83156.4,STANDING,0.11,0.223
1,83189.3,STANDING,0.14,0.279
1,83222.7,STANDING,0.17,0.327
1,83256.2,STANDING,0.22,0.308
1,83290.0,STANDING,0.27,0.306
1,83322.7,STANDING,0.27,0.276
1,83356.0,STANDING,0.20,0.232
1,83389.7,STANDING,0.28,0.238
1,83422.7,STANDING,0.42,0.305
1,83456.0,STANDING,0.67,0.241
1,83490.6,STANDING,0.94,0.215
1,83522.9,STANDING,1.13,0.235
1,83556.5,STANDING,1.06,0.194
1,83590.3,STANDING,0.95,0.155
1,83623.8,STANDING,0.85,0.259
1,83656.6,STANDING,0.60,0.210
1,83689.6,STANDING,0.43,0.257
1,83722.7,STANDING,0.32,0.236
1,83756.0,STANDING,0.36,0.264
1,83789.4,STANDING,0.46,0.239
1,83822.9,STANDING,0.62,0.205
1,83856.3,STANDING,0.85,0.241
1,83889.6,STANDING,1.01,0.294
1,83923.7,STANDING,1.09,0.250
1,83956.4,STANDING,1.16,0.273
1,83989.4,STANDING,1.33,0.318
1,84022.6,STANDING,1.44,0.383
1,84056.1,STANDING,1.51,0.253
1,84089.4,STANDING,1.55,0.171
1,84123.0,STANDING,1.64,0.220
1,84156.2,STANDING,1.70,0.149
1,84189.4,STANDING,1.77,0.106
1,84222.8,STANDING,1.81,0.130
1,84257.1,STANDING,1.86,0.079
1,84289.5,STANDING,1.92,0.051
1,84322.6,STANDING,1.91,0.015
1,84356.2,STANDING,1.88,0.002
1,84389.5,STANDING,1.75,0.011
1,84422.7,STANDING,1.68,-0.002
1,84456.0,STANDING,1.65,-0.022
1,84489.3,STANDING,1.59,-0.123
1,84522.7,STANDING,1.54,-0.236
1,84556.0,STANDING,1.47,-0.394
1,84589.6,STANDING,1.47,-0.459
1,84623.2,STANDING,1.49,-0.471
1,84656.2,STANDING,1.55,-0.555
1,84689.3,STANDING,1.62,-0.579
1,84722.7,STANDING,1.82,-0.843
1,84756.3,STANDING,1.94,-0.591
1,84790.5,STANDING,2.02,-0.294
1,84822.7,STANDING,2.03,-0.283
1,84857.2,STANDING,2.01,-0.072
1,84889.6,STANDING,2.04,-0.069
1,84922.9,STANDING,2.04,-0.069
1,84956.3,STANDING,2.04,0.033
1,84990.5,STANDING,2.07,0.115
1,85022.6,STANDING,2.17,0.229
1,85056.0,STANDING,2.21,0.308
1,85089.3,STANDING,2.33,0.296
1,85122.7,STANDING,2.37,0.242
1,85155.9,STANDING,2.51,0.212
1,85189.4,STANDING,2.56,0.212
1,85223.0,STANDING,2.71,0.119
1,85256.0,STANDING,2.70,0.065
1,85289.3,STANDING,2.76,0.062
1,85322.7,STANDING,2.76,0.033
1,85356.5,STANDING,2.90,-0.083
1,85389.3,STANDING,2.99,-0.184
1,85422.9,STANDING,3.06,-0.257
1,85456.0,STANDING,3.11,-0.358
1,85489.3,STANDING,3.17,-0.261
1,85522.7,STANDING,3.25,-0.228
1,85557.0,STANDING,3.32,-0.227
1,85589.4,STANDING,3.27,-0.116
1,85622.7,STANDING,3.20,-0.055
1,85657.1,STANDING,2.42,-0.066
1,85689.3,STANDING,1.52,-0.320
1,85722.7,STANDING,1.33,-0.167
1,85755.9,STANDING,1.47,-0.090
1,85789.5,STANDING,1.74,-0.012
1,85823.1,STANDING,2.08,0.011
1,85856.0,STANDING,2.32,0.070
1,85889.3,STANDING,2.51,0.122
1,85922.9,STANDING,2.67,0.142
1,85956.3,STANDING,2.80,0.140
1,85989.6,STANDING,2.88,0.141
1,86023.7,STANDING,2.98,0.121
1,86056.3,STANDING,3.08,-0.018
1,86089.7,STANDING,3.08,-0.016
1,86122.7,STANDING,3.07,0.007
1,86157.0,STANDING,3.03,-0.001
1,86189.6,STANDING,2.99,-0.011
1,86222.7,STANDING,2.96,-0.065
1,86256.2,STANDING,2.91,-0.072
1,86289.6,STANDING,2.82,-0.146
1,86322.6,STANDING,2.71,-0.225
1,86356.0,STANDING,2.63,-0.270
1,86389.5,STANDING,2.54,-0.214
1,86422.7,STANDING,2.56,-0.227
1,86456.0,STANDING,2.59,-0.337
1,86489.4,STANDING,2.67,-0.295
1,86522.7,STANDING,2.77,-0.339
1,86556.5,STANDING,2.79,-0.409
1,86589.3,STANDING,2.80,-0.471
1,86622.7,STANDING,2.72,-0.542
1,86656.3,STANDING,2.66,-0.451
1,86690.5,STANDING,2.66,-0.412
1,86723.1,STANDING,2.65,-0.440
1,86756.0,STANDING,2.65,-0.420
1,86789.3,STANDING,2.66,-0.516
1,86822.9,STANDING,2.61,-0.469
1,86856.0,STANDING,2.60,-0.462
1,86889.6,STANDING,2.64,-0.478
1,86923.9,STANDING,2.74,-0.418
1,86956.0,STANDING,2.78,-0.346
1,86990.5,STANDING,2.71,-0.245
1,87022.7,STANDING,2.70,-0.206
1,87056.2,STANDING,2.64,-0.229
1,87089.5,STANDING,2.65,-0.259
1,87122.7,STANDING,2.72,-0.208
1,87156.0,STANDING,2.73,-0.227
1,87190.5,STANDING,2.77,-0.145
1,87223.1,STANDING,2.66,-0.138
1,87256.5,STANDING,2.54,-0.108
1,87289.6,STANDING,2.43,-0.162
1,87322.6,STANDING,2.24,-0.104
1,87356.0,STANDING,2.02,-0.117
1,87389.6,STANDING,1.70,-0.104
1,87423.7,STANDING,1.36,-0.116
1,87456.2,STANDING,1.12,-0.088
1,87489.6,STANDING,0.88,-0.222
1,87522.7,STANDING,0.82,-0.225
1,87556.0,STANDING,0.87,-0.294
1,87589.5,STANDING,1.00,-0.315
1,87622.7,STANDING,1.19,-0.288
1,87656.5,STANDING,1.40,-0.238
1,87689.7,STANDING,1.63,-0.279
1,87722.8,STANDING,1.78,-0.269
1,87756.2,STANDING,1.98,-0.190
1,87789.5,STANDING,2.23,-0.133
1,87822.8,STANDING,2.58,-0.139
1,87857.0,STANDING,3.01,-0.074
1,87890.4,STANDING,3.29,-0.072
1,87923.8,STANDING,3.53,-0.089
1,87957.2,STANDING,3.78,-0.091
1,87998.0,STANDING,3.98,-0.091
1,88022.7,STANDING,4.15,-0.077
1,88056.3,STANDING,4.50,-0.060
1,88089.4,STANDING,4.65,-0.062
1,88122.6,STANDING,4.54,-0.065
1,88156.0,STANDING,4.51,-0.076
1,88190.5,STANDING,4.64,-0.122
1,88222.6,STANDING,4.72,-0.099
1,88256.0,STANDING,4.94,-0.121
1,88289.7,STANDING,5.13,-0.062
1,88322.7,STANDING,5.31,-0.066
1,88356.2,STANDING,5.50,-0.061
1,88389.6,STANDING,5.61,-0.093
1,88422.8,STANDING,5.65,-0.080
1,88456.0,STANDING,5.72,-0.076
1,88490.5,STANDING,5.78,-0.075
1,88523.7,STANDING,5.74,-0.052
1,88557.2,STANDING,5.61,-0.035
1,88589.5,STANDING,5.41,-0.029
1,88622.9,STANDING,5.14,-0.036
1,88656.2,STANDING,4.79,-0.027
1,88689.6,STANDING,4.33,-0.041
1,88722.8,STANDING,3.80,-0.047
1,88756.3,STANDING,3.31,-0.049
1,88790.5,STANDING,2.89,-0.029
1,88822.9,STANDING,2.57,-0.023
1,88856.0,STANDING,2.34,-0.029
1,88889.4,STANDING,2.31,-0.050
1,88922.8,STANDING,2.31,-0.051
1,88956.0,STANDING,2.23,-0.065
1,88989.5,STANDING,2.24,-0.054
1,89022.1,STANDING,2.15,-0.043
1,89056.2,STANDING,2.08,-0.034
1,89089.4,STANDING,2.07,-0.031
1,89122.7,STANDING,2.14,-0.030
1,89156.2,STANDING,2.21,-0.021
1,89189.7,STANDING,2.25,-0.018
1,89222.8,STANDING,2.29,-0.029
1,89256.2,STANDING,2.38,-0.034
1,89289.6,STANDING,2.50,-0.033
1,89322.6,STANDING,2.63,-0.036
1,89356.2,STANDING,2.80,-0.039
1,89389.6,STANDING,2.97,-0.026
1,89422.9,STANDING,3.04,-0.014
1,89456.0,STANDING,3.02,-0.009
1,89489.5,STANDING,2.87,-0.008
1,89523.0,STANDING,2.92,-0.021
1,89556.0,STANDING,2.93,-0.031
1,89589.3,STANDING,3.00,-0.043
1,89622.7,STANDING,3.09,-0.028
1,89656.3,STANDING,3.19,-0.037
1,89689.6,STANDING,3.21,-0.026
1,89722.7,STANDING,3.20,-0.015
1,89756.3,STANDING,3.29,-0.008
1,89789.6,STANDING,3.33,0.007
1,89822.7,STANDING,3.48,0.012
1,89856.5,STANDING,3.49,0.015
1,89889.6,STANDING,3.41,0.010
1,89923.8,STANDING,3.34,0.002
1,89957.1,STANDING,3.15,-0.001
1,89990.4,STANDING,3.02,-0.000
1,90023.9,STANDING,2.96,0.009
1,90056.4,STANDING,2.83,0.020
1,90089.3,STANDING,2.81,0.018
1,90122.7,STANDING,2.71,0.015
1,90156.2,STANDING,2.57,0.010
1,90189.6,STANDING,2.37,0.005
1,90222.9,STANDING,2.23,0.023
1,90256.1,STANDING,2.15,0.019
1,90289.4,STANDING,2.09,0.016
1,90323.8,STANDING,2.06,0.013
1,90356.3,STANDING,1.99,0.015
1,90389.6,STANDING,1.81,0.016
1,90422.9,STANDING,1.58,0.016
1,90456.3,STANDING,1.44,0.016
1,90489.5,STANDING,1.49,0.011
1,90522.7,STANDING,1.59,0.007
1,90556.3,STANDING,1.73,0.001
1,90589.5,STANDING,1.88,0.001
1,90623.7,STANDING,1.96,-0.001
1,90657.1,STANDING,2.03,-0.004
1,90690.4,STANDING,2.08,-0.012
1,90723.9,STANDING,2.13,-0.008
1,90757.1,STANDING,2.18,-0.006
1,90789.4,STANDING,2.27,-0.013
1,90822.9,STANDING,2.40,-0.012
1,90856.3,STANDING,2.52,-0.020
1,90889.6,STANDING,2.56,-0.022
1,90923.9,STANDING,2.48,-0.019
1,90956.0,STANDING,2.33,-0.013
1,90989.3,STANDING,2.08,-0.013
1,91022.7,STANDING,1.74,-0.014
1,91056.0,STANDING,1.42,-0.008
1,91089.6,STANDING,1.13,-0.003
1,91123.7,STANDING,0.84,-0.002
1,91156.0,STANDING,0.60,-0.001
1,91189.4,STANDING,0.39,-0.002
1,91223.7,STANDING,0.24,-0.006
1,91256.2,STANDING,0.19,-0.004
1,91290.3,STANDING,0.19,-0.004
1,91322.7,STANDING,0.27,0.001
1,91356.2,STANDING,0.41,0.001
1,91389.6,STANDING,0.60,0.004
1,91422.9,STANDING,0.83,0.004
1,91456.0,STANDING,1.15,0.002
1,91489.3,STANDING,1.58,-0.008
1,91523.0,STANDING,2.07,-0.004
1,91556.0,STANDING,2.61,-0.010
1,91589.5,STANDING,3.19,-0.003
1,91622.8,STANDING,3.78,-0.003
1,91656.1,STANDING,4.39,-0.002
1,91689.6,STANDING,5.00,-0.004
1,91723.8,STANDING,5.60,-0.011
1,91757.1,STANDING,6.18,-0.014
1,91790.5,STANDING,6.79,-0.020
1,91822.9,STANDING,7.37,-0.014
1,91857.2,STANDING,7.99,-0.015
1,91889.4,STANDING,8.57,-0.017
1,91923.7,STANDING,9.10,-0.009
1,91957.1,STANDING,9.56,0.002
1,91989.5,STANDING,9.96,0.005
1,92022.7,STANDING,10.32,0.005
1,92056.0,STANDING,10.63,0.005
1,92089.3,STANDING,10.83,0.005
1,92122.7,STANDING,11.09,0.009
1,92156.0,STANDING,11.26,0.016
1,92189.4,STANDING,11.36,0.019
1,92222.9,STANDING,11.50,0.017
1,92257.2,STANDING,11.54,0.020
1,92289.5,STANDING,11.62,0.014
1,92323.8,STANDING,11.58,0.011
1,92356.0,STANDING,11.52,0.006
1,92389.4,STANDING,11.41,0.001
1,92422.8,STANDING,11.23,-0.008
1,92456.1,STANDING,11.08,-0.014
1,92489.6,STANDING,10.90,-0.019
1,92522.7,STANDING,10.77,-0.020
1,92556.4,STANDING,10.68,-0.023
1,92590.4,STANDING,10.70,-0.030
1,92622.7,STANDING,10.77,-0.035
1,92656.1,STANDING,10.89,-0.029
1,92689.6,STANDING,11.04,-0.028
1,92722.7,STANDING,11.22,-0.026
1,92756.1,STANDING,11.43,-0.029
1,92789.3,STANDING,11.67,-0.019
1,92822.7,STANDING,11.93,-0.014
1,92856.1,STANDING,12.19,-0.009
1,92889.5,STANDING,12.43,-0.006
1,92922.6,STANDING,12.63,-0.003
1,92956.2,STANDING,12.76,0.005
1,92989.5,STANDING,12.80,0.016
1,93022.9,STANDING,12.57,0.045
1,93057.0,STANDING,12.29,0.038
1,93089.6,STANDING,11.90,0.035
1,93122.9,STANDING,11.37,0.033
1,93157.0,STANDING,10.71,0.035
1,93189.3,STANDING,10.07,0.039
1,93222.9,STANDING,9.33,0.036
1,93256.0,STANDING,8.70,0.038
1,93289.7,STANDING,7.92,0.027
1,93322.7,STANDING,7.12,0.066
1,93356.3,STANDING,6.35,0.085
1,93390.5,STANDING,5.49,0.053
1,93423.8,STANDING,4.71,0.036
1,93456.0,STANDING,3.98,0.022
1,93489.3,STANDING,2.85,0.012
1,93522.7,STANDING,1.88,0.009
1,93556.1,STANDING,1.26,-0.013
1,93589.5,STANDING,1.08,-0.020
1,93623.0,STANDING,1.13,-0.016
1,93656.3,STANDING,1.27,-0.025
1,93690.4,STANDING,1.42,-0.032
1,93723.0,STANDING,1.42,-0.072
1,93756.2,STANDING,1.49,-0.056
1,93789.5,STANDING,1.57,-0.062
1,93822.9,STANDING,1.63,-0.052
1,93856.3,STANDING,1.79,-0.043
1,93889.6,STANDING,1.89,-0.031
1,93923.8,STANDING,1.91,-0.029
1,93956.2,STANDING,1.96,-0.023
1,93989.6,STANDING,1.87,-0.012
1,94022.6,STANDING,1.84,-0.005
1,94056.3,STANDING,1.73,0.010
1,94089.5,STANDING,1.69,0.007
1,94123.9,STANDING,1.70,0.005
1,94156.0,STANDING,1.70,0.006
1,94189.4,STANDING,1.71,0.005
1,94222.8,STANDING,1.68,0.019
1,94256.2,STANDING,1.64,0.025
1,94289.6,STANDING,1.57,0.024
1,94322.7,STANDING,1.37,0.018
1,94356.0,STANDING,1.10,0.011
1,94389.3,STANDING,0.84,0.010
1,94423.1,STANDING,0.54,0.012
1,94456.2,STANDING,0.46,0.015
1,94489.7,STANDING,0.43,0.016
1,94522.8,STANDING,0.27,0.009
1,94557.2,STANDING,0.24,-0.004
1,94590.3,STANDING,0.33,-0.017
1,94623.7,STANDING,0.43,-0.002
1,94656.3,STANDING,0.49,0.006
1,94690.3,STANDING,0.63,0.020
1,94722.7,STANDING,0.82,0.027
1,94756.3,STANDING,0.87,0.015
1,94790.4,STANDING,0.84,0.009
1,94822.9,STANDING,0.81,0.012
1,94857.2,STANDING,0.75,0.024
1,94889.4,STANDING,0.79,0.016
1,94922.9,STANDING,0.95,0.006
1,94956.0,STANDING,1.13,0.007
1,94989.5,STANDING,1.33,0.012
1,95022.8,STANDING,1.57,0.007
1,95056.2,STANDING,1.78,0.004
1,95089.4,STANDING,1.98,-0.000
1,95122.7,STANDING,2.07,-0.024
1,95156.3,STANDING,1.89,-0.018
1,95190.4,STANDING,1.63,-0.009
1,95222.8,STANDING,1.40,-0.001
1,95256.2,STANDING,1.22,0.002
1,95289.4,STANDING,0.97,-0.003
1,95322.7,STANDING,0.69,-0.003
1,95356.3,STANDING,0.49,-0.008
1,95389.4,STANDING,0.33,0.002
1,95422.7,STANDING,0.23,0.003
1,95456.0,STANDING,0.15,0.003
1,95489.3,STANDING,0.13,-0.001
1,95522.9,STANDING,0.21,-0.019
1,95556.2,STANDING,0.46,-0.029
1,95590.5,STANDING,0.77,-0.018
1,95622.7,STANDING,1.05,-0.011
1,95656.0,STANDING,1.16,-0.008
1,95690.4,STANDING,1.06,-0.005
1,95723.7,STANDING,0.85,-0.004
1,95756.0,STANDING,0.60,0.003
1,95789.6,STANDING,0.43,0.005
1,95823.0,STANDING,0.48,0.014
1,95857.1,STANDING,0.64,0.012
1,95889.6,STANDING,0.84,0.007
1,95923.8,STANDING,1.01,0.004
1,95956.2,STANDING,1.07,0.003
1,95989.3,STANDING,1.06,0.001
1,96023.0,STANDING,1.00,-0.002
1,96057.1,STANDING,0.94,-0.002
1,96089.5,STANDING,0.89,-0.002
1,96123.0,STANDING,0.85,-0.006
1,96156.5,STANDING,0.82,-0.005
1,96189.4,STANDING,0.84,-0.007
1,96222.7,STANDING,0.87,-0.010
1,96256.4,STANDING,0.93,-0.007
1,96289.3,STANDING,1.03,-0.005
1,96322.7,STANDING,1.11,-0.002
1,96356.0,STANDING,1.14,-0.001
1,96389.4,STANDING,1.11,-0.001
1,96422.9,STANDING,1.03,-0.000
1,96457.1,STANDING,0.95,0.000
1,96489.4,STANDING,0.86,-0.002
1,96522.7,STANDING,0.77,-0.001
1,96556.0,STANDING,0.70,-0.000
1,96589.8,STANDING,0.63,-0.002
1,96622.9,STANDING,0.54,-0.000
1,96656.0,STANDING,0.48,-0.005
1,96688.8,STANDING,0.41,0.004
1,96721.8,STANDING,0.35,-0.001
1,96757.1,STANDING,0.25,0.010
1,96797.8,STANDING,0.17,0.007
1,96822.9,STANDING,0.11,-0.004
1,96857.2,STANDING,0.09,-0.011
1,96897.8,STANDING,0.09,-0.019
1,96931.2,STANDING,0.16,-0.027
1,96964.5,STANDING,0.24,-0.017
1,96998.1,STANDING,0.31,-0.009
1,97022.7,STANDING,0.37,-0.001
1,97056.0,STANDING,0.39,0.005
1,97090.5,STANDING,0.38,0.014
1,97123.8,STANDING,0.32,0.010
1,97156.1,STANDING,0.25,0.008
1,97189.8,STANDING,0.16,0.008
1,97223.7,STANDING,0.12,0.008
1,97256.2,STANDING,0.16,0.013
1,97290.5,STANDING,0.24,0.009
1,97322.7,STANDING,0.36,0.014
1,97356.0,STANDING,0.44,0.009
1,97389.6,STANDING,0.56,0.008
1,97423.8,STANDING,0.57,0.003
1,97456.0,STANDING,0.61,0.001
1,97489.5,STANDING,0.67,0.001
1,97522.7,STANDING,0.73,-0.001
1,97556.3,STANDING,0.77,0.000
1,97589.6,STANDING,0.78,-0.002
1,97622.7,STANDING,0.77,-0.000
1,97656.1,STANDING,0.79,-0.000
1,97689.6,STANDING,0.79,0.000
1,97722.7,STANDING,0.78,0.000
1,97756.1,STANDING,0.77,-0.000
1,97789.5,STANDING,0.78,0.000
1,97822.7,STANDING,0.86,0.001
1,97856.5,STANDING,0.99,-0.001
1,97890.4,STANDING,1.10,0.020
1,97922.7,STANDING,1.22,0.011
1,97956.1,STANDING,1.38,0.013
1,97989.3,STANDING,1.55,0.007
1,98022.8,STANDING,1.66,0.004
1,98056.1,STANDING,1.77,0.001
1,98089.6,STANDING,1.89,0.004
1,98122.9,STANDING,1.97,0.002
1,98157.1,STANDING,2.06,0.003
1,98189.4,STANDING,2.16,0.001
1,98222.8,STANDING,2.25,0.008
1,98257.1,STANDING,2.22,0.017
1,98289.3,STANDING,2.13,0.020
1,98323.8,STANDING,1.83,0.029
1,98357.1,STANDING,1.50,0.059
1,98390.5,STANDING,1.10,0.055
1,98431.4,STANDING,0.69,0.050
1,98456.1,STANDING,0.64,0.037
1,98489.6,STANDING,0.97,0.033
1,98522.9,STANDING,1.62,0.040
1,98556.1,STANDING,2.43,0.040
1,98589.4,STANDING,3.39,0.061
1,98622.9,STANDING,4.62,0.053
1,98657.0,STANDING,5.87,0.035
1,98689.4,STANDING,7.31,0.041
1,98722.9,STANDING,8.82,0.103
1,98756.3,STANDING,10.17,0.184
1,98789.6,STANDING,11.43,0.170
1,98823.8,STANDING,12.58,0.275
1,98857.3,STANDING,13.64,0.378
1,98890.5,STANDING,14.47,0.433
1,98931.2,FALLING,14.96,0.456
1,98956.0,FALLING,15.38,0.564
1,98989.4,FALLING,15.94,0.491
1,99022.8,FALLING,16.76,0.477
1,99057.1,FALLING,17.85,0.444
1,99089.4,FALLING,18.51,0.422
1,99122.7,FALLING,18.98,0.444
1,99156.3,FALLING,19.95,0.462
1,99189.3,FALLING,21.21,0.546
1,99222.7,FALLING,23.61,0.466
1,99256.2,FALLING,27.04,0.427
1,99289.9,FALLING,32.04,0.369
1,99322.0,FALLING,37.94,0.334
1,99357.2,FALLING,43.89,0.308
1,99389.7,FALLING,51.72,0.222
1,99422.9,FALLEN,60.39,0.103
1,99457.1,FALLEN,69.52,-0.003
1,99489.6,FALLEN,77.69,-0.005
1,99523.9,FALLEN,79.61,-0.035
1,99556.0,FALLEN,78.04,-0.056
1,99589.6,FALLEN,75.25,-0.062
1,99622.7,FALLEN,72.00,-0.046
1,99656.1,FALLEN,69.96,-0.047
1,99689.7,FALLEN,68.59,-0.035
1,99723.1,FALLEN,67.02,-0.072
1,99756.0,FALLEN,65.12,-0.045
1,99790.5,FALLEN,63.75,-0.051
1,99823.8,FALLEN,62.55,-0.033
1,99856.3,FALLEN,61.50,-0.020
1,99889.5,FALLEN,60.82,0.001
1,99922.8,FALLEN,60.33,0.015
1,99956.1,FALLEN,59.89,0.056
1,99990.5,FALLEN,59.79,0.056
1,100022.9,FALLEN,59.61,0.032
1,100057.1,FALLEN,58.90,0.006
1,100089.6,FALLEN,57.69,-0.045
1,100123.9,FALLEN,56.52,-0.054
1,100156.1,FALLEN,55.75,-0.041
1,100189.4,FALLEN,55.12,-0.013
1,100223.8,FALLEN,54.59,0.000
1,100256.1,FALLEN,54.49,0.009
1,100289.6,FALLEN,54.73,0.028
1,100323.8,FALLEN,54.96,0.049
1,100356.1,FALLEN,55.05,0.033
1,100389.6,FALLEN,55.05,0.026
1,100422.7,FALLEN,55.03,0.018
1,100456.2,FALLEN,55.17,0.016
1,100489.4,FALLEN,55.11,0.009
1,100523.2,FALLEN,55.06,0.015
1,100557.0,FALLEN,54.98,0.013
1,100590.6,FALLEN,54.84,0.007
1,100623.8,FALLEN,54.57,0.008
1,100656.1,FALLEN,54.20,0.005
1,100689.3,FALLEN,53.82,0.005
1,100722.7,FALLEN,53.38,0.009
1,100756.5,FALLEN,52.94,0.008
1,100789.7,FALLEN,52.68,0.006
1,100822.9,FALLEN,52.57,0.005
1,100856.2,FALLEN,52.94,0.002
1,100889.5,FALLEN,53.18,0.001
1,100922.8,FALLEN,53.33,0.000
1,100956.2,FALLEN,53.42,0.002
1,100989.5,FALLEN,53.56,0.002
1,101023.3,FALLEN,53.76,0.005
1,101056.2,FALLEN,54.10,0.002
1,101089.6,FALLEN,54.49,0.002
1,101122.7,FALLEN,54.90,-0.000
1,101156.2,FALLEN,55.26,0.003
1,101190.4,FALLEN,55.52,0.002
1,101223.8,FALLEN,55.71,0.001
1,101256.0,FALLEN,55.92,0.003
1,101289.4,FALLEN,56.16,0.000
1,101323.2,FALLEN,56.43,0.000
1,101356.3,FALLEN,56.67,-0.000
1,101389.6,FALLEN,56.88,0.001
1,101422.7,FALLEN,57.05,0.002
1,101457.1,FALLEN,57.18,0.003
1,101489.3,FALLEN,57.31,0.003
1,101524.0,FALLEN,57.76,0.001
1,101556.0,FALLEN,58.14,-0.001
1,101589.6,FALLEN,58.46,-0.001
1,101622.7,FALLEN,58.74,-0.000
1,101657.2,FALLEN,58.98,-0.001
1,101689.6,FALLEN,59.19,-0.005
1,101723.0,FALLEN,59.46,-0.004
1,101756.0,FALLEN,59.67,-0.008
1,101789.3,FALLEN,59.78,-0.007
1,101823.0,FALLEN,59.75,-0.005
1,101856.2,FALLEN,59.78,-0.004
1,101889.7,FALLEN,59.85,-0.002
1,101923.8,FALLEN,59.79,-0.002
1,101956.3,FALLEN,59.78,0.001
1,101990.4,FALLEN,59.70,0.000
1,102022.7,FALLEN,59.67,-0.000
1,102056.1,FALLEN,59.67,-0.001
1,102089.3,FALLEN,59.75,0.000
1,102122.7,FALLEN,59.81,-0.000
1,102156.3,FALLEN,59.92,0.002
1,102189.7,FALLEN,59.89,0.001
1,102222.7,FALLEN,59.88,0.000
1,102256.2,FALLEN,59.92,0.000
1,102290.5,FALLEN,59.95,0.000
1,102322.7,FALLEN,59.95,0.002
1,102364.5,FALLEN,59.94,0.001
1,102397.8,FALLEN,59.96,0.001
1,102423.0,FALLEN,60.03,0.001
1,102456.3,FALLEN,59.93,0.000
1,102490.4,FALLEN,59.86,0.002
1,102523.9,FALLEN,59.84,0.001
1,102556.3,FALLEN,59.84,0.000
1,102589.5,FALLEN,59.82,0.000
1,102622.9,FALLEN,59.83,-0.000
1,102656.2,FALLEN,59.89,-0.000
1,102690.5,FALLEN,59.86,-0.001
1,102722.9,FALLEN,59.87,-0.001
1,102757.1,FALLEN,59.98,-0.004
1,102789.6,FALLEN,60.00,-0.003
1,102823.8,FALLEN,60.03,-0.003
1,102856.3,FALLEN,60.06,0.004
1,102890.5,FALLEN,59.98,0.003
1,102922.8,FALLEN,59.92,0.002
1,102956.3,FALLEN,60.04,-0.002
1,102989.4,FALLEN,60.06,0.000
1,103022.8,FALLEN,60.10,-0.002
1,103057.1,FALLEN,60.12,0.004
1,103090.5,FALLEN,60.07,0.003
1,103132.0,FALLEN,60.04,0.002
1,103164.7,FALLEN,60.06,0.001
1,103197.9,FALLEN,60.04,-0.000
1,103231.4,FALLEN,60.00,-0.001
1,103256.1,FALLEN,59.98,0.000
1,103289.3,FALLEN,59.94,-0.002
1,103322.7,FALLEN,59.82,0.003
1,103356.0,FALLEN,59.71,0.002
1,103389.6,FALLEN,59.64,0.001
1,103422.7,FALLEN,59.61,-0.001
1,103457.1,FALLEN,59.59,-0.002
1,103489.6,FALLEN,59.57,-0.003
1,103522.6,FALLEN,59.73,-0.002
1,103556.0,FALLEN,59.85,-0.001
1,103589.4,FALLEN,59.99,-0.001
1,103622.8,FALLEN,60.11,-0.001
1,103656.0,FALLEN,60.11,-0.000
1,103689.7,FALLEN,60.05,-0.001
1,103722.9,FALLEN,60.03,-0.002
1,103764.7,FALLEN,60.05,-0.001
1,103789.6,FALLEN,60.07,0.004
1,103822.8,FALLEN,60.09,0.003
1,103857.1,FALLEN,60.09,0.002
1,103889.7,FALLEN,60.12,-0.000
1,103923.7,FALLEN,60.15,0.002
1,103956.0,FALLEN,60.19,0.001
1,103990.4,FALLEN,60.12,0.002
1,104022.8,FALLEN,60.09,0.000
1,104057.1,FALLEN,60.08,0.001
1,104089.5,FALLEN,60.10,-0.001
1,104123.0,FALLEN,60.16,-0.000
1,104156.2,FALLEN,60.21,-0.000
1,104197.8,FALLEN,60.29,-0.000
1,104231.1,FALLEN,60.35,-0.001
1,104264.7,FALLEN,60.43,0.002
1,104298.8,FALLEN,60.49,0.001
1,104331.0,FALLEN,60.55,0.001
1,104356.1,FALLEN,60.51,0.000
1,104390.4,FALLEN,60.46,0.002
1,104423.8,ALERTED,60.45,0.001
1,104456.0,ALERTED,60.49,0.000
1,104498.2,ALERTED,60.52,-0.000
1,104522.7,ALERTED,60.49,-0.000
1,104556.0,ALERTED,60.48,-0.000
1,104589.6,ALERTED,60.43,-0.000
1,104623.7,ALERTED,60.42,-0.000
1,104656.3,ALERTED,60.45,-0.000
1,104690.4,ALERTED,60.48,-0.001
1,104722.8,ALERTED,60.39,0.001
1,104756.4,ALERTED,60.36,-0.000
1,104789.4,ALERTED,60.33,0.001
1,104831.2,ALERTED,60.33,0.000
1,104864.7,ALERTED,60.37,0.001
1,104898.1,ALERTED,60.42,-0.000
1,104922.7,ALERTED,60.32,0.001
1,104956.0,ALERTED,60.24,-0.000
1,104990.5,ALERTED,60.12,0.000
1,105022.8,ALERTED,60.20,-0.000
1,105056.2,ALERTED,60.15,0.001
1,105097.8,ALERTED,60.26,0.001
1,105131.3,ALERTED,60.36,0.000
1,105164.7,ALERTED,60.35,0.000
1,105198.8,ALERTED,60.35,-0.000
1,105222.7,ALERTED,60.26,0.002
1,105264.4,ALERTED,60.20,0.001
1,105297.9,ALERTED,60.19,0.001
1,105331.2,ALERTED,60.15,0.002
1,105364.5,ALERTED,60.25,0.001
1,105397.9,ALERTED,60.28,0.002
1,105431.4,ALERTED,60.30,0.001
1,105456.0,ALERTED,60.29,0.004
1,105489.4,ALERTED,60.35,0.001
1,105522.7,ALERTED,60.36,0.004
1,105557.1,ALERTED,60.49,0.001
1,105590.5,ALERTED,60.42,0.002
1,105622.7,ALERTED,60.47,0.000
1,105656.3,ALERTED,60.62,-0.000
1,105689.3,ALERTED,60.53,0.000
1,105722.7,ALERTED,60.41,-0.001
1,105756.1,ALERTED,60.43,-0.000
1,105789.6,ALERTED,60.40,-0.002
1,105831.1,ALERTED,60.34,-0.003
1,105864.5,ALERTED,60.27,-0.002
1,105898.1,ALERTED,60.19,-0.000
1,105931.1,ALERTED,60.19,-0.000
1,105956.1,ALERTED,60.18,0.000
1,105990.4,ALERTED,60.32,-0.001
1,106022.8,ALERTED,60.35,-0.001
1,106056.2,ALERTED,60.40,-0.000
1,106097.7,ALERTED,60.39,0.000
1,106131.2,ALERTED,60.38,0.001
1,106156.3,ALERTED,60.47,-0.001
1,106197.8,ALERTED,60.48,0.001
1,106231.5,ALERTED,60.54,0.000
1,106264.4,ALERTED,60.49,0.001
1,106297.8,ALERTED,60.53,0.000
1,106323.0,ALERTED,60.50,0.003
1,106357.2,ALERTED,60.59,0.001
1,106397.7,ALERTED,60.61,0.000
1,106422.7,ALERTED,60.64,-0.000
1,106456.1,ALERTED,60.62,-0.000
1,106489.4,ALERTED,60.66,-0.000
1,106522.7,ALERTED,60.62,0.000
1,106565.1,ALERTED,60.66,-0.000
1,106598.0,ALERTED,60.59,0.001
1,106622.8,ALERTED,60.63,0.000
1,106656.0,ALERTED,60.51,0.004
1,106689.4,ALERTED,60.53,0.002
1,106722.8,ALERTED,60.54,0.002
1,106756.1,ALERTED,60.53,0.002
1,106789.5,ALERTED,60.57,0.001
1,106822.7,ALERTED,60.55,0.003
1,106856.1,ALERTED,60.53,0.002
1,106889.5,ALERTED,60.53,0.001
1,106931.1,ALERTED,60.61,0.001
1,106964.5,ALERTED,60.66,0.000
1,106997.8,ALERTED,60.68,0.000
1,107031.1,ALERTED,60.70,-0.001
1,107064.6,ALERTED,60.68,-0.002
1,107097.9,ALERTED,60.60,-0.001
1,107131.1,ALERTED,60.59,-0.002
1,107164.6,ALERTED,60.54,-0.001
1,107197.8,ALERTED,60.61,-0.000
1,107231.2,ALERTED,60.62,-0.000
1,107264.5,ALERTED,60.68,-0.000
1,107290.6,ALERTED,60.76,-0.001
1,107331.1,ALERTED,60.77,-0.001
1,107356.2,ALERTED,60.76,-0.002
1,107390.5,ALERTED,60.68,-0.000
1,107422.9,ALERTED,60.73,-0.001
1,107456.2,ALERTED,60.70,0.006
1,107490.4,ALERTED,60.77,-0.000
1,107522.9,ALERTED,60.77,-0.002
1,107556.1,ALERTED,60.70,-0.001
1,107597.9,ALERTED,60.74,-0.003
1,107622.7,ALERTED,60.66,-0.002
1,107664.5,ALERTED,60.68,-0.002
1,107697.9,ALERTED,60.60,-0.000
1,107731.2,ALERTED,60.62,-0.000
1,107764.5,ALERTED,60.56,0.001
1,107797.8,ALERTED,60.59,0.001
1,107823.9,ALERTED,60.56,-0.000
1,107856.3,ALERTED,60.57,-0.001
1,107897.8,ALERTED,60.50,-0.000
1,107922.8,ALERTED,60.48,-0.000
1,107964.8,ALERTED,60.43,0.003
1,107997.8,ALERTED,60.51,0.001
1,108022.7,ALERTED,60.57,0.004
1,108057.1,ALERTED,60.69,0.001
1,108089.6,ALERTED,60.60,0.000
1,108123.7,ALERTED,60.63,-0.000
1,108156.2,ALERTED,60.69,-0.000
1,108190.5,ALERTED,60.64,0.000
1,108222.8,ALERTED,60.64,0.000
1,108257.0,ALERTED,60.57,-0.002
1,108297.8,ALERTED,60.58,-0.001
1,108331.2,ALERTED,60.54,-0.000
1,108364.4,ALERTED,60.56,0.001
1,108398.1,ALERTED,60.64,0.001
1,108431.4,ALERTED,60.68,0.002
1,108464.4,ALERTED,60.74,0.001
1,108497.7,ALERTED,60.76,0.003
1,108531.4,ALERTED,60.78,0.002
1,108556.1,ALERTED,60.79,0.002
1,108597.9,ALERTED,60.78,0.001
1,108631.2,ALERTED,60.77,0.001
1,108664.6,ALERTED,60.78,0.001
1,108698.1,ALERTED,60.78,0.000
1,108731.0,ALERTED,60.82,-0.000
1,108764.8,ALERTED,60.80,0.002
1,108789.4,ALERTED,60.79,-0.000
1,108823.8,ALERTED,60.74,0.002
1,108856.3,ALERTED,60.71,0.000
1,108890.4,ALERTED,60.71,-0.000
1,108931.1,ALERTED,60.70,-0.001
1,108964.6,ALERTED,60.64,-0.005
1,108998.7,ALERTED,60.55,-0.003
1,109031.2,ALERTED,60.54,-0.005
1,109064.5,ALERTED,60.47,-0.003
1,109097.8,ALERTED,60.45,-0.002
1,109131.1,ALERTED,60.39,-0.001
1,109165.6,ALERTED,60.39,-0.000
1,109198.1,ALERTED,60.47,-0.001
1,109231.4,ALERTED,60.48,-0.000
1,109264.4,ALERTED,60.60,-0.000
1,109298.1,ALERTED,60.63,0.002
1,109323.0,ALERTED,60.74,-0.002
1,109357.1,ALERTED,60.76,-0.002
1,109398.1,ALERTED,60.67,0.001
1,109422.7,ALERTED,60.68,0.001
1,109464.9,ALERTED,60.64,0.002
1,109489.4,ALERTED,60.67,0.000
1,109531.1,ALERTED,60.69,0.000
1,109564.8,ALERTED,60.72,-0.000
1,109597.7,ALERTED,60.75,-0.002
1,109631.4,ALERTED,60.75,-0.001
1,109664.4,ALERTED,60.81,-0.001
1,109697.8,ALERTED,60.77,0.001
1,109722.8,ALERTED,60.81,-0.002
1,109756.2,ALERTED,60.76,-0.002
1,109789.6,ALERTED,60.68,-0.002
1,109822.8,ALERTED,60.71,-0.001
1,109864.7,ALERTED,60.67,-0.000
1,109898.2,ALERTED,60.61,-0.002
1,109922.8,ALERTED,60.57,0.001
1,109964.8,ALERTED,60.63,-0.000
1,109997.7,ALERTED,60.61,0.002
1,110022.7,ALERTED,60.67,0.001
1,110064.5,ALERTED,60.64,0.001
1,110089.4,ALERTED,60.71,0.000
1,110123.0,ALERTED,60.69,0.002
1,110165.4,ALERTED,60.78,0.001
1,110197.9,ALERTED,60.78,0.001
1,110231.1,ALERTED,60.80,0.000
1,110264.5,ALERTED,60.79,-0.001
1,110297.9,ALERTED,60.71,0.000
1,110331.1,ALERTED,60.76,-0.001
1,110364.9,ALERTED,60.68,-0.001
1,110397.8,ALERTED,60.67,-0.000
1,110431.4,ALERTED,60.62,0.000
1,110464.5,ALERTED,60.61,0.000
1,110498.1,ALERTED,60.59,0.000
1,110531.2,ALERTED,60.57,-0.000
1,110564.8,ALERTED,60.56,-0.001
1,110598.1,ALERTED,60.56,-0.000
1,110631.5,ALERTED,60.68,-0.001
1,110664.8,ALERTED,60.69,0.000
1,110698.1,ALERTED,60.79,0.000
1,110731.5,ALERTED,60.79,-0.001
1,110764.8,ALERTED,60.74,-0.001
1,110798.1,ALERTED,60.65,0.000
1,110831.4,ALERTED,60.59,-0.000
1,110864.4,ALERTED,60.52,-0.002
1,110897.9,ALERTED,60.52,-0.001
1,110931.4,ALERTED,60.48,-0.000
1,110964.6,ALERTED,60.48,0.000
1,110998.0,ALERTED,60.45,0.000
1,111031.4,ALERTED,60.46,0.001
1,111064.8,ALERTED,60.46,-0.001
1,111097.7,ALERTED,60.42,0.000
1,111131.1,ALERTED,60.53,0.000
1,111156.1,ALERTED,60.57,0.001
1,111197.8,ALERTED,60.60,-0.000
1,111231.1,ALERTED,60.60,-0.000
1,111264.5,ALERTED,60.64,0.000
1,111297.8,ALERTED,60.66,0.002
1,111331.1,ALERTED,60.61,0.016
1,111364.8,ALERTED,60.54,0.022
1,111397.7,ALERTED,60.50,0.021
1,111431.4,ALERTED,60.41,0.019
1,111464.6,ALERTED,60.36,0.038
1,111497.8,ALERTED,60.39,0.029
1,111531.1,ALERTED,61.52,0.025
1,111564.7,ALERTED,62.24,-0.008
1,111598.0,ALERTED,62.85,-0.002
1,111631.1,ALERTED,63.96,0.007
1,111664.9,ALERTED,64.72,-0.004
1,111689.4,ALERTED,65.78,-0.014
1,111731.5,ALERTED,67.13,-0.025
1,111764.8,ALERTED,68.99,-0.035
1,111797.7,ALERTED,70.27,-0.054
1,111831.5,ALERTED,71.85,-0.042
1,111856.0,ALERTED,73.39,-0.041
1,111898.2,ALERTED,75.24,-0.039
1,111931.1,ALERTED,77.68,-0.021
1,111964.5,ALERTED,79.40,-0.003
1,111989.3,ALERTED,81.11,0.017
1,112023.7,ALERTED,82.51,0.050
1,112056.0,ALERTED,84.03,0.086
1,112097.8,ALERTED,85.39,0.075
1,112131.2,ALERTED,86.83,0.081
1,112164.5,ALERTED,87.38,0.114
1,112197.8,ALERTED,87.57,0.065
1,112231.1,ALERTED,87.36,0.051
1,112264.4,ALERTED,86.28,0.065
1,112289.7,ALERTED,86.51,0.024
1,112331.5,ALERTED,86.87,0.008
1,112364.4,ALERTED,87.46,-0.046
1,112397.7,ALERTED,88.10,-0.083
1,112431.2,ALERTED,88.59,-0.091
1,112464.5,ALERTED,88.82,-0.097
1,112497.9,ALERTED,88.81,-0.113
1,112532.1,ALERTED,88.22,-0.113
1,112563.5,ALERTED,87.11,-0.124
1,112597.8,ALERTED,85.32,-0.119
1,112622.8,ALERTED,83.39,-0.142
1,112664.5,ALERTED,81.33,-0.144
1,112697.8,ALERTED,79.53,-0.120
1,112722.8,ALERTED,78.09,-0.122
1,112756.1,ALERTED,77.39,-0.076
1,112789.4,ALERTED,77.22,-0.042
1,112823.8,ALERTED,77.15,-0.039
1,112856.2,ALERTED,76.92,-0.063
1,112897.8,ALERTED,77.21,-0.045
1,112931.5,ALERTED,77.98,-0.050
1,112963.4,ALERTED,79.24,-0.089
1,112997.2,ALERTED,81.34,-0.090
1,113030.1,ALERTED,84.37,-0.110
1,113063.9,ALERTED,86.35,-0.158
1,113097.2,ALERTED,86.64,-0.127
1,113131.2,ALERTED,83.83,-0.086
1,113164.5,ALERTED,79.61,-0.046
1,113199.0,ALERTED,75.27,-0.097
1,113222.7,ALERTED,71.25,-0.139
1,113264.6,ALERTED,67.60,-0.144
1,113298.8,ALERTED,62.75,-0.128
1,113331.1,ALERTED,56.82,-0.104
1,113364.4,ALERTED,50.20,-0.135
1,113397.8,STANDING,43.91,-0.136
1,113432.3,STANDING,38.06,-0.063
1,113456.0,STANDING,33.03,-0.030
1,113498.2,STANDING,28.83,0.003
1,113531.0,STANDING,25.15,0.025
1,113565.4,STANDING,21.63,0.063
1,113597.7,STANDING,18.30,0.068
1,113631.1,STANDING,15.14,0.060
1,113664.7,STANDING,11.70,0.133
1,113689.7,STANDING,8.86,0.117
1,113732.2,STANDING,6.32,0.025
1,113764.8,STANDING,4.25,-0.037
1,113797.8,STANDING,2.80,-0.076
1,113831.1,STANDING,1.75,-0.172
1,113857.1,STANDING,1.39,-0.206
1,113889.6,STANDING,1.38,-0.145
1,113931.1,STANDING,1.62,-0.079
1,113965.5,STANDING,2.05,-0.052
1,113997.7,STANDING,2.33,-0.049
1,114022.7,STANDING,2.46,-0.042
1,114064.5,STANDING,2.53,-0.017
1,114097.8,STANDING,2.69,-0.006
1,114131.5,STANDING,2.83,-0.001
1,114164.9,STANDING,3.04,0.006
1,114197.9,STANDING,3.08,0.098
1,114231.1,STANDING,3.06,0.181
1,114264.5,STANDING,2.82,0.314
1,114297.9,STANDING,2.65,0.348
1,114332.1,STANDING,2.49,0.318
1,114364.5,STANDING,2.50,0.277
1,114397.8,STANDING,2.45,0.172
1,114430.7,STANDING,2.39,0.148
1,114464.5,STANDING,2.43,0.108
1,114497.8,STANDING,2.60,0.113
1,114530.9,STANDING,3.07,0.073
1,114564.8,STANDING,3.72,-0.119
1,114599.0,STANDING,4.28,-0.132
1,114632.3,STANDING,4.65,-0.044
1,114665.6,STANDING,4.88,0.262
1,114698.8,FALLING,4.78,0.494
1,114731.1,FALLING,4.43,0.522
1,114764.7,FALLING,4.04,0.483
1,114789.4,FALLING,3.66,0.403
1,114831.2,FALLING,3.33,0.214
1,114864.5,FALLING,3.15,0.062
1,114897.9,FALLING,3.16,-0.006
1,114931.4,FALLING,3.24,-0.029
1,114964.7,FALLING,3.19,-0.027
1,114998.0,FALLING,3.11,-0.041
1,115031.5,FALLING,3.01,-0.093
1,115064.4,FALLING,2.91,-0.091
1,115098.2,FALLING,2.86,-0.099
1,115131.5,FALLING,2.84,-0.081
1,115164.4,FALLING,2.84,-0.069
1,115198.2,FALLING,2.86,-0.044
1,115231.2,FALLING,2.89,-0.071
1,115264.6,FALLING,2.89,-0.024
1,115297.9,FALLING,2.87,-0.015
1,115331.5,FALLING,2.83,-0.010
1,115356.2,FALLING,2.80,0.016
1,115389.4,FALLING,2.75,0.013
1,115423.9,FALLING,2.72,0.013
1,115456.1,FALLING,2.72,-0.002
1,115497.9,FALLING,2.79,-0.003
1,115523.2,FALLING,2.82,-0.000
1,115557.1,FALLING,2.86,0.005
1,115597.7,FALLING,2.95,0.005
1,115631.1,FALLING,3.07,0.005
1,115664.4,FALLING,3.18,0.007
1,115698.2,FALLING,3.31,0.007
1,115731.5,STANDING,3.36,0.014
1,115764.4,STANDING,3.38,0.020
1,115798.2,STANDING,3.40,0.027
1,115831.0,STANDING,3.35,0.031
1,115864.4,STANDING,3.30,0.026
1,115897.8,STANDING,3.29,0.017
1,115931.2,STANDING,3.34,0.013
1,115964.4,STANDING,3.41,0.032
1,115998.2,STANDING,3.51,0.043
1,116031.4,STANDING,3.57,0.030
1,116064.9,STANDING,3.68,0.008
1,116097.8,STANDING,3.74,0.004
1,116131.1,STANDING,3.79,-0.007
1,116164.4,STANDING,3.84,-0.005
1,116197.7,STANDING,3.90,0.010
1,116231.5,STANDING,3.88,-0.001
1,116264.8,STANDING,3.88,0.005
1,116298.2,STANDING,3.87,-0.001
1,116331.2,STANDING,3.80,-0.012
1,116365.6,STANDING,3.74,-0.028
1,116397.9,STANDING,3.68,-0.014
1,116431.2,STANDING,3.59,-0.022
1,116464.6,STANDING,3.49,-0.015
1,116497.7,STANDING,3.34,-0.009
1,116531.1,STANDING,3.21,-0.031
1,116564.4,STANDING,3.10,-0.048
1,116597.9,STANDING,2.96,-0.081
1,116631.1,STANDING,2.85,-0.075
1,116664.8,STANDING,2.74,-0.058
1,116689.4,STANDING,2.60,-0.033
1,116731.1,STANDING,2.51,-0.011
1,116764.5,STANDING,2.34,0.004
1,116797.8,STANDING,2.22,-0.001
1,116831.2,STANDING,1.96,0.012
1,116864.4,STANDING,1.80,-0.003
1,116898.2,STANDING,1.63,-0.085
1,116922.8,STANDING,1.54,-0.254
1,116964.5,STANDING,1.50,-0.263
1,116998.0,STANDING,1.47,-0.281
1,117031.2,STANDING,1.47,-0.277
1,117064.4,STANDING,1.45,-0.317
1,117098.8,STANDING,1.39,-0.281
1,117132.2,STANDING,1.35,-0.348
1,117164.5,STANDING,1.29,-0.347
1,117197.8,STANDING,1.33,-0.373
1,117231.5,STANDING,1.44,-0.301
1,117264.8,STANDING,1.52,-0.225
1,117298.2,STANDING,1.53,-0.165
1,117331.1,STANDING,1.50,-0.154
1,117364.5,STANDING,1.38,-0.131
1,117398.8,STANDING,1.24,-0.088
1,117431.5,STANDING,1.11,-0.082
1,117464.4,STANDING,1.06,-0.114
1,117497.8,STANDING,1.07,-0.174
1,117532.2,STANDING,1.17,-0.163
1,117564.5,STANDING,1.37,-0.151
1,117598.1,STANDING,1.74,-0.177
1,117631.1,STANDING,2.19,-0.186
1,117664.7,STANDING,2.70,-0.165
1,117698.2,STANDING,3.16,-0.213
1,117731.1,STANDING,3.44,-0.245
1,117764.9,STANDING,3.64,-0.270
1,117798.1,STANDING,3.71,-0.299
1,117832.3,STANDING,3.75,-0.299
1,117865.6,STANDING,3.75,-0.246
1,117897.7,STANDING,3.74,-0.187
1,117931.2,STANDING,3.76,-0.141
1,117964.5,STANDING,3.83,-0.081
1,117997.9,STANDING,3.89,-0.089
1,118031.4,STANDING,3.90,-0.064
1,118064.8,STANDING,3.96,-0.048
1,118097.7,STANDING,3.98,-0.033
1,118131.2,STANDING,3.99,-0.006
1,118164.4,STANDING,4.00,0.007
1,118198.1,STANDING,4.03,0.012
1,118231.5,STANDING,4.07,0.013
1,118264.4,STANDING,4.09,-0.006
1,118298.1,STANDING,3.97,-0.009
1,118332.4,STANDING,3.73,-0.022
1,118365.7,STANDING,3.37,-0.026
1,118397.7,STANDING,3.03,-0.083
1,118431.1,STANDING,2.63,-0.143
1,118464.4,STANDING,2.23,-0.161
1,118498.2,STANDING,1.96,-0.186
1,118531.0,STANDING,1.69,-0.190
1,118564.9,STANDING,1.50,-0.162
1,118597.9,STANDING,1.38,-0.108
1,118631.1,STANDING,1.24,-0.061
1,118664.4,STANDING,1.08,-0.047
1,118697.7,STANDING,0.90,-0.033
1,118731.5,STANDING,0.71,-0.020
1,118764.4,STANDING,0.52,-0.014
1,118798.1,STANDING,0.32,-0.015
1,118831.2,STANDING,0.29,-0.017
1,118865.6,STANDING,0.42,-0.022
1,118898.8,STANDING,0.62,-0.018
1,118931.2,STANDING,0.87,-0.040
1,118964.4,STANDING,1.06,-0.037
1,118997.7,STANDING,1.19,-0.030
1,119031.0,STANDING,1.14,-0.033
1,119064.4,STANDING,1.06,-0.035
1,119097.8,STANDING,1.00,-0.042
1,119131.2,STANDING,0.94,-0.044
1,119164.9,STANDING,0.80,-0.054
1,119197.7,STANDING,0.53,-0.051
1,119231.1,STANDING,0.44,-0.031
1,119264.8,STANDING,0.60,-0.022
1,119297.8,STANDING,0.98,-0.012
1,119331.4,STANDING,1.43,-0.005
1,119364.4,STANDING,1.84,-0.002
1,119398.1,STANDING,2.18,-0.001
1,119431.6,STANDING,2.38,-0.000
1,119464.6,STANDING,2.48,0.002
1,119498.1,STANDING,2.58,0.001
1,119532.2,STANDING,2.63,-0.004
1,119564.5,STANDING,2.71,-0.007
1,119598.2,STANDING,2.80,-0.001
1,119631.1,STANDING,2.83,0.013
1,119664.8,STANDING,2.83,0.027
1,119699.0,STANDING,2.85,0.021
1,119731.1,STANDING,2.83,0.012
1,119764.4,STANDING,2.74,0.003
1,119798.2,STANDING,2.64,-0.003
1,119831.1,STANDING,2.56,-0.011
1,119864.8,STANDING,2.63,-0.027
1,119898.2,STANDING,2.69,-0.026
1,119932.3,STANDING,2.76,-0.010
1,119965.7,STANDING,2.79,-0.012
1,119997.8,STANDING,2.61,-0.007
1,120031.2,STANDING,2.51,-0.004
1,120064.5,STANDING,2.36,-0.002
1,120098.0,STANDING,2.29,0.000
1,120131.1,STANDING,2.27,0.003
1,120164.8,STANDING,2.27,0.002
1,120198.2,STANDING,2.18,0.012
1,120231.4,STANDING,2.17,0.008
1,120264.4,STANDING,2.18,0.005
1,120297.8,STANDING,2.19,0.009
1,120332.3,STANDING,2.24,0.005
1,120364.6,STANDING,2.19,-0.002
1,120398.0,STANDING,2.19,-0.007
1,120431.2,STANDING,2.14,-0.006
1,120464.5,STANDING,2.13,-0.006
1,120497.8,STANDING,2.08,-0.004
1,120531.4,STANDING,2.06,-0.003
1,120564.5,STANDING,2.05,-0.002
1,120598.1,STANDING,2.03,-0.005
1,120631.2,STANDING,1.98,-0.000
1,120664.5,STANDING,1.91,-0.002
1,120697.9,STANDING,1.80,-0.005
1,120731.2,STANDING,1.70,-0.004
1,120765.5,STANDING,1.60,-0.002
1,120798.9,STANDING,1.52,-0.000
1,120831.1,STANDING,1.49,0.003
1,120864.5,STANDING,1.46,0.005
1,120898.9,STANDING,1.39,0.007
1,120931.1,STANDING,1.25,0.009
1,120964.4,STANDING,0.97,0.012
1,120998.2,STANDING,0.70,0.021
1,121031.5,STANDING,0.88,0.032
1,121064.7,STANDING,1.40,0.034
1,121097.7,STANDING,2.13,0.040
1,121131.5,STANDING,3.00,0.048
1,121164.9,STANDING,4.07,0.062
1,121197.7,STANDING,5.26,0.083
1,121231.5,STANDING,6.44,0.128
1,121264.6,STANDING,7.57,0.139
1,121298.2,STANDING,8.58,0.196
1,121332.3,STANDING,9.61,0.256
1,121364.9,STANDING,10.64,0.297
1,121397.9,STANDING,11.67,0.342
1,121431.1,STANDING,12.67,0.433
1,121464.4,FALLING,13.76,0.513
1,121497.9,FALLING,14.35,0.508
1,121531.1,FALLING,14.58,0.519
1,121564.8,FALLING,14.72,0.510
1,121597.8,FALLING,14.44,0.517
1,121631.1,FALLING,13.75,0.553
1,121665.5,FALLING,13.47,0.549
1,121698.1,FALLING,13.69,0.580
1,121731.5,FALLING,14.56,0.551
1,121764.4,FALLING,16.60,0.575
1,121797.8,FALLING,20.29,0.551
1,121831.1,FALLING,24.81,0.375
1,121864.5,FALLING,30.40,0.165
1,121889.4,FALLING,38.45,0.105
1,121931.2,FALLING,47.69,0.039
1,121964.7,FALLING,57.72,-0.011
1,121998.9,FALLEN,67.15,-0.047
1,122031.2,FALLEN,76.19,-0.031
1,122064.5,FALLEN,77.87,-0.057
1,122097.8,FALLEN,76.18,-0.066
1,122131.1,FALLEN,73.17,-0.044
1,122164.4,FALLEN,70.29,-0.007
1,122197.7,FALLEN,67.95,-0.001
1,122231.1,FALLEN,66.31,-0.009
1,122264.8,FALLEN,64.31,-0.003
1,122298.2,FALLEN,62.79,-0.016
1,122331.2,FALLEN,61.41,-0.030
1,122365.4,FALLEN,60.43,-0.026
1,122397.7,FALLEN,59.59,-0.002
1,122431.1,FALLEN,58.90,-0.006
1,122464.4,FALLEN,58.02,0.005
1,122497.7,FALLEN,57.41,0.046
1,122531.5,FALLEN,56.91,0.083
1,122564.7,FALLEN,56.38,0.116
1,122598.9,FALLEN,56.07,0.112
1,122631.2,FALLEN,56.03,0.046
1,122664.6,FALLEN,56.24,0.014
1,122697.9,FALLEN,56.46,-0.012
1,122731.5,FALLEN,56.59,-0.054
1,122764.5,FALLEN,56.99,-0.036
1,122797.9,FALLEN,57.47,-0.022
1,122831.5,FALLEN,58.55,-0.020
1,122864.4,FALLEN,59.98,-0.014
1,122897.8,FALLEN,61.10,-0.010
1,122931.5,FALLEN,61.79,0.001
1,122964.4,FALLEN,62.08,0.001
1,122998.2,FALLEN,62.16,-0.004
1,123031.3,FALLEN,61.97,-0.011
1,123064.7,FALLEN,61.85,-0.010
1,123097.8,FALLEN,61.69,-0.007
1,123131.3,FALLEN,61.54,-0.003
1,123164.8,FALLEN,61.50,0.003
1,123198.1,FALLEN,61.55,0.001
1,123231.1,FALLEN,61.82,0.005
1,123264.5,FALLEN,62.42,0.028
1,123297.9,FALLEN,62.99,0.024
1,123331.0,FALLEN,63.54,0.024
1,123365.6,FALLEN,63.98,0.018
1,123398.8,FALLEN,64.26,0.011
1,123431.1,FALLEN,64.47,0.007
1,123464.4,FALLEN,64.61,0.004
1,123497.7,FALLEN,64.65,0.003
1,123531.6,FALLEN,64.69,0.001
1,123564.8,FALLEN,64.75,0.001
1,123597.7,FALLEN,64.84,0.003
1,123632.3,FALLEN,64.99,0.001
1,123664.5,FALLEN,65.08,-0.002
1,123697.7,FALLEN,65.08,0.001
1,123731.1,FALLEN,65.14,-0.002
1,123756.1,FALLEN,65.20,-0.002
1,123797.9,FALLEN,65.33,-0.001
1,123831.2,FALLEN,65.50,-0.001
1,123864.5,FALLEN,65.63,-0.000
1,123897.8,FALLEN,65.75,0.000
1,123931.2,FALLEN,65.91,0.000
1,123965.6,FALLEN,66.08,0.000
1,123997.9,FALLEN,66.19,0.001
1,124031.4,FALLEN,66.30,0.003
1,124065.6,FALLEN,66.39,0.003
1,124098.0,FALLEN,66.46,0.000
1,124131.1,FALLEN,66.51,0.000
1,124164.6,FALLEN,66.57,0.003
1,124198.1,FALLEN,66.68,0.008
1,124231.3,FALLEN,66.76,0.005
1,124264.9,FALLEN,66.83,0.005
1,124297.7,FALLEN,66.88,0.003
1,124331.1,FALLEN,66.96,-0.002
1,124364.9,FALLEN,66.99,0.002
1,124397.8,FALLEN,66.98,0.002
1,124431.5,FALLEN,66.98,0.001
1,124464.4,FALLEN,66.99,-0.001
1,124498.2,FALLEN,67.01,0.001
1,124531.5,FALLEN,66.95,0.006
1,124564.5,FALLEN,66.92,0.001
1,124597.7,FALLEN,66.88,0.000
1,124631.1,FALLEN,66.88,-0.000
1,124664.4,FALLEN,66.89,-0.001
1,124689.6,FALLEN,66.93,-0.001
1,124731.1,FALLEN,67.02,-0.000
1,124764.4,FALLEN,67.12,-0.000
1,124797.8,FALLEN,67.18,-0.001
1,124831.1,FALLEN,67.22,-0.001
1,124864.8,FALLEN,67.25,-0.002
1,124898.8,FALLEN,67.24,-0.001
1,124931.5,FALLEN,67.23,-0.002
1,124965.6,FALLEN,67.23,-0.002
1,124997.8,FALLEN,67.23,-0.002
1,125031.4,FALLEN,67.24,-0.001
1,125064.9,FALLEN,67.22,0.001
1,125097.8,FALLEN,67.22,0.000
1,125131.3,FALLEN,67.22,0.000
1,125164.8,FALLEN,67.24,-0.002
1,125197.9,FALLEN,67.25,-0.001
1,125231.4,FALLEN,67.28,-0.001
1,125264.4,FALLEN,67.28,0.000
1,125297.8,FALLEN,67.28,-0.000
1,125331.5,FALLEN,67.28,0.000
1,125365.5,FALLEN,67.29,-0.001
1,125398.0,FALLEN,67.30,-0.001
1,125431.1,FALLEN,67.31,-0.002
1,125464.4,FALLEN,67.30,-0.001
1,125497.8,FALLEN,67.22,0.000
1,125531.4,FALLEN,67.19,0.000
1,125556.1,FALLEN,67.18,0.002
1,125597.7,FALLEN,67.19,0.001
1,125631.1,FALLEN,67.24,0.003
1,125664.4,FALLEN,67.27,0.002
1,125697.8,FALLEN,67.39,-0.001
1,125731.1,FALLEN,67.46,-0.002
1,125764.8,FALLEN,67.47,0.000
1,125798.8,FALLEN,67.46,-0.001
1,125831.1,FALLEN,67.46,0.002
1,125864.9,FALLEN,67.48,0.003
1,125898.2,FALLEN,67.50,0.003
1,125931.4,FALLEN,67.53,0.002
1,125964.8,FALLEN,67.56,0.002
1,125998.0,FALLEN,67.58,0.001
1,126031.5,FALLEN,67.60,0.001
1,126064.8,FALLEN,67.63,0.001
1,126098.1,FALLEN,67.64,0.000
1,126131.1,FALLEN,67.66,0.000
1,126164.6,FALLEN,67.67,0.000
1,126197.7,FALLEN,67.68,0.000
1,126232.2,FALLEN,67.72,0.000
1,126265.4,FALLEN,67.74,-0.001
1,126298.1,FALLEN,67.71,-0.004
1,126331.1,FALLEN,67.69,-0.002
1,126364.8,FALLEN,67.69,-0.001
1,126397.8,FALLEN,67.73,-0.001
1,126431.3,FALLEN,67.76,-0.001
1,126464.4,FALLEN,67.77,0.002
1,126497.8,FALLEN,67.76,0.001
1,126531.2,FALLEN,67.74,0.001
1,126564.7,FALLEN,67.74,0.000
1,126598.1,FALLEN,67.72,0.000
1,126631.3,FALLEN,67.63,0.001
1,126664.7,FALLEN,67.56,0.002
1,126698.2,FALLEN,67.59,-0.001
1,126731.1,FALLEN,67.65,-0.002
1,126764.5,FALLEN,67.69,-0.001
1,126799.0,FALLEN,67.72,-0.000
1,126831.4,FALLEN,67.79,-0.002
1,126864.8,FALLEN,67.81,-0.002
1,126898.2,FALLEN,67.82,-0.001
1,126931.1,FALLEN,67.78,0.000
1,126964.6,FALLEN,67.67,0.001
1,126998.0,FALLEN,67.59,0.001
1,127032.2,ALERTED,67.53,0.001
1,127064.5,ALERTED,67.53,0.001
1,127098.8,ALERTED,67.73,0.000
1,127131.1,ALERTED,67.90,0.001
1,127165.6,ALERTED,68.02,0.001
1,127198.2,ALERTED,68.10,-0.001
1,127231.5,ALERTED,68.14,-0.002
1,127264.8,ALERTED,68.15,0.000
1,127297.8,ALERTED,68.10,0.002
1,127331.5,ALERTED,68.06,-0.000
1,127364.8,ALERTED,68.00,-0.008
1,127399.0,ALERTED,68.01,-0.002
1,127432.2,ALERTED,68.05,-0.001
1,127464.7,ALERTED,68.05,-0.000
1,127498.8,ALERTED,67.99,0.000
1,127531.1,ALERTED,67.95,0.000
1,127564.8,ALERTED,67.90,-0.001
1,127598.0,ALERTED,67.86,-0.001
1,127631.2,ALERTED,67.81,-0.000
1,127664.6,ALERTED,67.73,-0.000
1,127697.9,ALERTED,67.69,-0.000
1,127731.2,ALERTED,67.69,-0.000
1,127764.5,ALERTED,67.73,0.006
1,127797.9,ALERTED,67.74,0.002
1,127831.2,ALERTED,67.76,0.001
1,127864.5,ALERTED,67.76,0.001
1,127897.9,ALERTED,67.84,-0.002
1,127931.2,ALERTED,67.88,-0.001
1,127964.8,ALERTED,67.89,0.001
1,127997.8,ALERTED,67.85,0.003
1,128031.5,ALERTED,67.83,0.002
1,128064.9,ALERTED,67.80,-0.001
1,128098.9,ALERTED,67.81,-0.000
1,128131.1,ALERTED,67.84,0.000
1,128164.9,ALERTED,67.93,-0.003
1,128198.2,ALERTED,67.97,-0.002
1,128231.1,ALERTED,67.98,-0.002
1,128264.8,ALERTED,67.99,-0.001
1,128297.8,ALERTED,67.98,-0.001
1,128331.5,ALERTED,67.98,0.001
1,128365.5,ALERTED,67.91,0.002
1,128397.8,ALERTED,67.88,0.001
1,128431.4,ALERTED,67.82,-0.002
1,128464.5,ALERTED,67.80,-0.001
1,128498.1,ALERTED,67.79,-0.002
1,128532.3,ALERTED,67.77,-0.001
1,128564.4,ALERTED,67.76,-0.001
1,128597.3,ALERTED,67.76,-0.003
1,128631.3,ALERTED,67.82,-0.001
1,128664.5,ALERTED,67.91,0.001
1,128698.0,ALERTED,67.95,0.002
1,128731.5,ALERTED,67.86,0.003
1,128764.5,ALERTED,67.79,0.002
1,128797.9,ALERTED,67.75,0.001
1,128831.4,ALERTED,67.70,-0.001
1,128864.6,ALERTED,67.66,-0.001
1,128897.5,ALERTED,67.61,0.001
1,128931.2,ALERTED,67.57,0.001
1,128964.6,ALERTED,67.57,0.001
1,128997.9,ALERTED,67.61,-0.003
1,129031.2,ALERTED,67.64,-0.003
1,129064.6,ALERTED,67.65,-0.002
1,129097.7,ALERTED,67.64,-0.002
1,129131.3,ALERTED,67.64,-0.001
1,129164.7,ALERTED,67.62,-0.002
1,129197.8,ALERTED,67.63,-0.000
1,129231.5,ALERTED,67.60,-0.002
1,129264.8,ALERTED,67.60,-0.001
1,129297.8,ALERTED,67.56,0.001
1,129331.1,ALERTED,67.52,0.001
1,129364.8,ALERTED,67.48,0.001
1,129398.7,ALERTED,67.41,0.001
1,129431.0,ALERTED,67.31,0.000
1,129464.4,ALERTED,67.25,0.002
1,129498.8,ALERTED,67.11,0.004
1,129531.3,ALERTED,66.99,0.011
1,129565.5,ALERTED,66.96,0.009
1,129597.9,ALERTED,66.97,0.005
1,129631.1,ALERTED,67.04,0.002
1,129664.7,ALERTED,67.07,-0.005
1,129698.1,ALERTED,67.20,-0.004
1,129730.6,ALERTED,67.27,-0.006
1,129764.0,ALERTED,67.37,-0.004
1,129798.1,ALERTED,67.41,0.001
1,129831.1,ALERTED,67.43,0.003
1,129864.9,ALERTED,67.48,0.002
1,129898.1,ALERTED,67.55,-0.001
1,129931.5,ALERTED,67.56,-0.001
1,129964.4,ALERTED,67.60,0.000
1,129998.2,ALERTED,67.64,-0.001
1,130031.4,ALERTED,67.62,-0.004
1,130064.5,ALERTED,67.61,-0.002
1,130096.9,ALERTED,67.57,0.002
1,130131.1,ALERTED,67.53,0.003
1,130165.6,ALERTED,67.50,0.003
1,130197.7,ALERTED,67.49,0.001
1,130231.1,ALERTED,67.49,-0.004
1,130264.6,ALERTED,67.54,-0.002
1,130297.8,ALERTED,67.57,-0.002
1,130330.1,ALERTED,67.52,-0.001
1,130364.6,ALERTED,67.46,-0.004
1,130398.0,ALERTED,67.44,-0.002
1,130431.1,ALERTED,67.45,0.005
1,130465.5,ALERTED,67.44,0.004
1,130498.1,ALERTED,67.42,0.003
1,130531.1,ALERTED,67.44,0.002
1,130565.7,ALERTED,67.49,-0.003
1,130598.2,ALERTED,67.52,-0.006
1,130631.5,ALERTED,67.67,0.003
1,130664.5,ALERTED,67.77,0.002
1,130698.1,ALERTED,67.75,0.001
1,130731.2,ALERTED,67.71,0.001
1,130764.6,ALERTED,67.67,0.001
1,130798.0,ALERTED,67.60,0.001
1,130831.0,ALERTED,67.52,0.000
1,130864.7,ALERTED,67.47,0.000
1,130897.8,ALERTED,67.47,-0.000
1,130931.4,ALERTED,67.48,0.001
1,130964.4,ALERTED,67.53,0.000
1,130989.4,ALERTED,67.61,0.007
1,131031.2,ALERTED,67.66,0.004
1,131064.5,ALERTED,67.65,0.004
1,131097.7,ALERTED,67.66,0.004
1,131131.4,ALERTED,67.69,0.003
1,131164.5,ALERTED,67.71,0.002
1,131197.8,ALERTED,67.72,0.002
1,131231.2,ALERTED,67.75,0.001
1,131264.6,ALERTED,67.77,0.001
1,131298.9,ALERTED,67.80,0.001
1,131331.1,ALERTED,67.82,0.001
1,131365.6,ALERTED,67.84,0.000
1,131397.9,ALERTED,67.86,0.000
1,131431.3,ALERTED,67.88,0.000
1,131464.4,ALERTED,67.89,0.000
1,131497.8,ALERTED,67.89,0.000
1,131531.1,ALERTED,67.89,0.000
1,131564.5,ALERTED,67.90,0.001
1,131598.2,ALERTED,67.92,0.000
1,131631.4,ALERTED,67.94,0.001
1,131664.4,ALERTED,67.95,-0.000
1,131698.1,ALERTED,67.89,0.000
1,131732.4,ALERTED,67.84,0.001
1,131764.9,ALERTED,67.82,0.000
1,131798.1,ALERTED,67.82,0.001
1,131831.2,ALERTED,67.83,-0.000
1,131864.5,ALERTED,67.83,-0.001
1,131897.7,ALERTED,67.83,-0.000
1,131931.1,ALERTED,67.83,-0.001
1,131964.4,ALERTED,67.86,-0.000
1,131998.1,ALERTED,67.94,-0.001
1,132031.1,ALERTED,67.99,-0.003
1,132064.4,ALERTED,67.99,-0.002
1,132098.8,ALERTED,68.00,-0.001
1,132131.5,ALERTED,68.00,-0.000
1,132165.5,ALERTED,68.00,-0.000
1,132198.1,ALERTED,67.99,-0.000
1,132231.4,ALERTED,67.98,-0.002
1,132264.4,ALERTED,67.94,-0.001
1,132297.8,ALERTED,67.92,-0.001
1,132331.3,ALERTED,67.90,-0.001
1,132364.6,ALERTED,67.89,-0.001
1,132397.9,ALERTED,67.88,-0.000
1,132431.4,ALERTED,67.88,-0.000
1,132464.7,ALERTED,67.90,-0.001
1,132497.8,ALERTED,67.90,0.001
1,132531.4,ALERTED,67.90,0.000
1,132564.4,ALERTED,67.90,-0.000
1,132598.2,ALERTED,67.91,0.001
1,132631.1,ALERTED,67.91,0.001
1,132664.4,ALERTED,67.93,0.001
1,132697.7,ALERTED,67.93,0.001
1,132731.5,ALERTED,67.92,0.002
1,132764.4,ALERTED,67.89,0.001
1,132798.1,ALERTED,67.88,0.001
1,132832.2,ALERTED,67.87,0.000
1,132864.6,ALERTED,67.87,-0.000
1,132898.2,ALERTED,67.87,-0.000
1,132931.1,ALERTED,67.86,-0.001
1,132964.6,ALERTED,67.84,-0.000
1,132998.1,ALERTED,67.82,-0.000
1,133031.4,ALERTED,67.83,0.001
1,133064.8,ALERTED,67.84,0.000
1,133098.1,ALERTED,67.85,0.001
1,133131.1,ALERTED,67.85,0.000
1,133165.4,ALERTED,67.80,0.001
1,133189.5,ALERTED,67.78,0.001
1,133232.2,ALERTED,67.78,0.001
1,133264.6,ALERTED,67.81,0.002
1,133297.9,ALERTED,67.83,0.001
1,133331.4,ALERTED,67.85,0.002
1,133364.7,ALERTED,67.93,-0.001
1,133398.1,ALERTED,67.98,-0.000
1,133431.5,ALERTED,68.03,-0.000
1,133465.5,ALERTED,67.97,0.001
1,133498.1,ALERTED,67.90,-0.002
1,133531.0,ALERTED,67.84,-0.003
1,133564.4,ALERTED,67.82,-0.002
1,133597.7,ALERTED,67.84,-0.001
1,133631.6,ALERTED,67.86,-0.001
1,133664.5,ALERTED,67.89,-0.002
1,133698.1,ALERTED,67.91,-0.001
1,133731.1,ALERTED,67.94,-0.002
1,133764.8,ALERTED,67.96,-0.001
1,133797.8,ALERTED,67.99,0.003
1,133831.5,ALERTED,68.00,0.000
1,133864.8,ALERTED,68.01,0.000
1,133897.7,ALERTED,68.02,-0.001
1,133931.5,ALERTED,68.01,-0.001
1,133964.5,ALERTED,67.99,-0.002
1,133997.8,ALERTED,67.98,-0.001
1,134031.1,ALERTED,67.96,-0.001
1,134064.6,ALERTED,67.93,0.001
1,134098.1,ALERTED,67.89,0.001
1,134131.1,ALERTED,67.89,0.002
1,134164.8,ALERTED,67.93,0.001
1,134197.9,ALERTED,67.94,0.001
1,134231.4,ALERTED,67.97,0.001
1,134264.5,ALERTED,68.00,0.002
1,134297.9,ALERTED,68.02,0.001
1,134331.3,ALERTED,68.04,0.001
1,134364.8,ALERTED,68.06,0.001
1,134397.8,ALERTED,68.08,0.001
1,134431.4,ALERTED,68.10,0.001
1,134464.8,ALERTED,68.14,0.001
1,134498.0,ALERTED,68.17,0.001
1,134531.1,ALERTED,68.21,0.001
1,134564.7,ALERTED,68.24,0.000
1,134598.1,ALERTED,68.26,0.000
1,134631.1,ALERTED,68.29,0.000
1,134664.8,ALERTED,68.30,-0.002
1,134697.8,ALERTED,68.28,-0.001
1,134731.4,ALERTED,68.26,-0.001
1,134764.7,ALERTED,68.24,-0.001
1,134797.8,ALERTED,68.24,-0.001
1,134831.3,ALERTED,68.23,-0.001
1,134864.7,ALERTED,68.22,-0.000
1,134898.2,ALERTED,68.20,-0.001
1,134931.4,ALERTED,68.18,0.002
1,134964.4,ALERTED,68.15,0.000
1,134998.9,ALERTED,68.10,-0.000
1,135031.4,ALERTED,68.07,-0.001
1,135065.5,ALERTED,68.05,-0.001
1,135097.9,ALERTED,68.02,0.000
1,135131.1,ALERTED,68.02,-0.000
1,135164.7,ALERTED,68.01,-0.000
1,135198.0,ALERTED,67.99,0.000
1,135231.4,ALERTED,67.97,-0.001
1,135265.5,ALERTED,67.93,0.000
1,135298.0,ALERTED,67.92,-0.001
1,135331.3,ALERTED,67.89,-0.000
1,135364.8,ALERTED,67.89,-0.001
1,135398.2,ALERTED,67.88,0.000
1,135431.2,ALERTED,67.88,0.000
1,135464.4,ALERTED,67.88,0.000
1,135497.8,ALERTED,67.87,0.002
1,135531.4,ALERTED,67.87,-0.000
1,135564.4,ALERTED,67.86,-0.001
1,135598.0,ALERTED,67.85,-0.001
1,135632.1,ALERTED,67.81,0.000
1,135664.8,ALERTED,67.75,0.000
1,135698.4,ALERTED,67.69,0.000
1,135731.1,ALERTED,67.66,-0.000
1,135765.6,ALERTED,67.65,-0.001
1,135798.1,ALERTED,67.59,-0.004
1,135831.3,ALERTED,67.56,-0.003
1,135864.5,ALERTED,67.51,-0.005
1,135898.0,ALERTED,67.49,-0.003
1,135931.3,ALERTED,67.50,-0.002
1,135964.6,ALERTED,67.46,-0.004
1,135997.9,ALERTED,67.45,-0.003
1,136031.3,ALERTED,67.50,0.006
1,136064.6,ALERTED,67.56,0.004
1,136098.2,ALERTED,67.62,0.002
1,136131.5,ALERTED,67.73,0.001
1,136164.6,ALERTED,67.76,0.002
1,136197.9,ALERTED,67.79,0.004
1,136231.1,ALERTED,67.81,0.003
1,136264.6,ALERTED,67.84,-0.000
1,136297.9,ALERTED,67.96,-0.002
1,136331.4,ALERTED,68.03,-0.002
1,136364.4,ALERTED,68.01,-0.001
1,136397.9,ALERTED,67.95,-0.000
1,136431.4,ALERTED,67.83,0.000
1,136464.5,ALERTED,67.78,-0.000
1,136498.2,ALERTED,67.78,0.000
1,136531.1,ALERTED,67.79,-0.000
1,136564.8,ALERTED,67.77,0.001
1,136597.7,ALERTED,67.78,0.001
1,136631.6,ALERTED,67.81,0.003
1,136664.4,ALERTED,67.85,0.002
1,136697.8,ALERTED,67.85,0.002
1,136731.2,ALERTED,67.84,0.002
1,136764.5,ALERTED,67.84,0.002
1,136798.2,ALERTED,67.85,0.001
1,136831.1,ALERTED,67.86,0.001
1,136864.4,ALERTED,67.88,0.001
1,136898.1,ALERTED,67.91,0.000
1,136931.6,ALERTED,67.94,0.001
1,136964.5,ALERTED,67.98,0.001
1,136998.2,ALERTED,68.01,0.001
1,137031.6,ALERTED,68.04,0.001
1,137064.8,ALERTED,68.07,0.000
1,137097.8,ALERTED,68.07,-0.001
1,137131.1,ALERTED,68.06,-0.000
1,137164.6,ALERTED,68.05,-0.000
1,137198.0,ALERTED,68.05,0.001
1,137232.2,ALERTED,68.04,-0.000
1,137264.9,ALERTED,67.96,0.000
1,137298.2,ALERTED,67.94,0.002
1,137331.1,ALERTED,67.93,0.001
1,137364.5,ALERTED,67.94,0.000
1,137398.2,ALERTED,67.95,0.001
1,137431.3,ALERTED,67.95,-0.001
1,137464.5,ALERTED,67.90,-0.000
1,137497.8,ALERTED,67.89,0.001
1,137531.3,ALERTED,67.88,-0.001
1,137564.6,ALERTED,67.78,-0.000
1,137598.1,ALERTED,67.70,0.004
1,137631.5,ALERTED,67.56,0.003
1,137664.9,ALERTED,67.38,0.003
1,137698.2,ALERTED,67.07,0.004
1,137731.5,ALERTED,66.60,0.007
1,137764.5,ALERTED,66.12,0.007
1,137798.1,ALERTED,65.68,0.008
1,137831.1,ALERTED,65.23,0.008
1,137864.8,ALERTED,64.92,0.013
1,137898.1,ALERTED,64.74,0.019
1,137931.5,ALERTED,64.53,0.016
1,137964.8,ALERTED,64.36,0.012
1,137998.2,ALERTED,64.26,0.011
1,138031.5,ALERTED,64.23,0.022
1,138064.4,ALERTED,64.21,0.016
1,138098.0,ALERTED,64.49,0.009
1,138131.3,ALERTED,64.84,0.001
1,138164.5,ALERTED,65.58,-0.013
1,138198.2,ALERTED,66.25,-0.011
1,138231.2,ALERTED,66.84,-0.018
1,138264.9,ALERTED,67.64,-0.026
1,138297.9,ALERTED,68.74,-0.026
1,138331.4,ALERTED,70.21,-0.015
1,138364.7,ALERTED,71.53,-0.003
1,138397.8,ALERTED,73.87,-0.002
1,138431.1,ALERTED,75.95,0.031
1,138464.9,ALERTED,78.56,0.022
1,138498.1,ALERTED,81.36,0.030
1,138531.6,ALERTED,83.32,0.027
1,138564.9,ALERTED,84.75,0.001
1,138597.8,ALERTED,85.44,-0.011
1,138631.3,ALERTED,85.94,0.006
1,138664.5,ALERTED,86.54,-0.005
1,138697.8,ALERTED,86.92,0.009
1,138731.4,ALERTED,87.29,0.030
1,138764.6,ALERTED,87.84,0.056
1,138797.8,ALERTED,88.41,0.038
1,138831.1,ALERTED,89.02,0.071
1,138864.5,ALERTED,89.18,0.097
1,138897.8,ALERTED,88.58,0.074
1,138931.2,ALERTED,87.11,0.053
1,138964.8,ALERTED,85.98,0.034
1,138997.9,ALERTED,83.83,0.007
1,139031.3,ALERTED,81.57,-0.012
1,139064.9,ALERTED,79.44,-0.040
1,139098.2,ALERTED,77.49,-0.063
1,139131.2,ALERTED,76.09,-0.103
1,139164.5,ALERTED,74.75,-0.114
1,139198.0,ALERTED,73.38,-0.155
1,139231.2,ALERTED,72.21,-0.204
1,139264.9,ALERTED,70.03,-0.208
1,139298.2,ALERTED,67.46,-0.196
1,139331.3,ALERTED,64.89,-0.192
1,139364.6,ALERTED,61.77,-0.186
1,139397.9,ALERTED,58.97,-0.158
1,139431.2,ALERTED,56.75,-0.083
1,139464.6,ALERTED,54.99,-0.054
1,139498.2,ALERTED,54.00,-0.011
1,139531.1,ALERTED,52.81,0.005
1,139564.9,ALERTED,51.56,0.007
1,139598.2,ALERTED,51.06,0.004
1,139631.3,ALERTED,50.87,-0.002
1,139664.5,ALERTED,50.92,-0.013
1,139697.9,ALERTED,50.61,-0.053
1,139731.1,ALERTED,50.15,-0.108
1,139764.7,ALERTED,50.12,-0.103
1,139798.1,ALERTED,50.37,-0.053
1,139831.5,ALERTED,50.69,-0.105
1,139864.9,ALERTED,52.38,-0.077
1,139898.2,ALERTED,53.99,-0.070
1,139931.2,ALERTED,56.00,-0.044
1,139964.9,ALERTED,58.05,-0.006
1,139997.8,ALERTED,61.30,-0.015
1,140031.1,ALERTED,64.79,-0.053
1,140064.6,ALERTED,67.48,-0.051
1,140097.9,ALERTED,70.23,-0.078
1,140131.2,ALERTED,75.55,-0.048
1,140164.5,ALERTED,80.80,-0.048
1,140198.2,ALERTED,81.44,-0.028
1,140231.2,ALERTED,78.77,-0.020
1,140264.7,ALERTED,73.76,-0.022
1,140297.8,ALERTED,68.73,-0.018
1,140331.5,ALERTED,62.91,-0.073
1,140364.5,ALERTED,56.19,-0.098
1,140397.8,ALERTED,49.55,-0.094
1,140431.3,STANDING,43.05,-0.070
1,140465.5,STANDING,37.66,-0.103
1,140498.1,STANDING,33.66,-0.139
1,140531.3,STANDING,30.32,-0.083
1,140565.6,STANDING,27.41,-0.030
1,140598.0,STANDING,24.74,-0.039
1,140631.1,STANDING,22.33,-0.000
1,140664.7,STANDING,20.33,0.003
1,140698.2,STANDING,18.41,-0.030
1,140731.5,STANDING,16.82,-0.129
1,140764.8,STANDING,15.45,-0.168
1,140798.2,STANDING,14.14,-0.236
1,140831.6,STANDING,12.93,-0.209
1,140865.5,STANDING,11.62,-0.103
1,140898.1,STANDING,10.05,-0.084
1,140931.5,STANDING,8.70,-0.132
1,140964.5,STANDING,7.71,-0.094
1,140997.8,STANDING,7.05,-0.076
1,141031.4,STANDING,6.62,-0.055
1,141064.6,STANDING,6.25,-0.028
1,141098.1,STANDING,5.85,0.001
1,141131.4,STANDING,5.47,0.034
1,141164.6,STANDING,4.80,0.138
1,141198.2,STANDING,4.11,0.220
1,141232.2,STANDING,3.70,0.201
1,141264.4,STANDING,3.72,0.186
1,141297.8,STANDING,3.76,0.214
1,141331.4,STANDING,3.86,0.295
1,141364.6,STANDING,3.84,0.347
1,141397.9,STANDING,3.80,0.341
1,141431.5,STANDING,3.75,0.299
1,141465.0,STANDING,3.79,0.204
1,141497.9,STANDING,3.91,0.203
1,141531.3,STANDING,3.98,0.198
1,141564.6,STANDING,4.02,0.215
1,141598.0,STANDING,3.98,0.245
1,141631.2,STANDING,3.85,0.246
1,141665.5,STANDING,3.60,0.220
1,141697.9,STANDING,3.17,0.192
1,141731.4,STANDING,2.72,0.121
1,141764.5,STANDING,2.04,0.115
1,141797.8,STANDING,1.54,0.064
1,141831.2,STANDING,1.30,0.031
1,141865.5,STANDING,1.01,0.072
1,141898.0,STANDING,0.61,0.099
1,141931.3,STANDING,0.57,0.193
1,141964.5,STANDING,0.90,0.279
1,141998.0,STANDING,1.12,0.327
1,142031.2,STANDING,1.53,0.306
1,142064.9,STANDING,1.96,0.357
1,142097.9,STANDING,2.22,0.333
1,142130.9,STANDING,2.52,0.369
1,142164.4,STANDING,2.70,0.374
1,142198.2,STANDING,2.91,0.247
1,142231.1,STANDING,3.03,0.236
1,142264.5,STANDING,3.15,0.165
1,142297.8,STANDING,3.25,0.213
1,142331.5,STANDING,3.36,0.192
1,142364.7,STANDING,3.42,0.147
1,142398.0,STANDING,3.30,0.094
1,142431.3,STANDING,3.22,0.084
1,142464.6,STANDING,3.14,0.074
1,142498.0,STANDING,3.08,0.051
1,142531.2,STANDING,3.02,0.055
1,142564.6,STANDING,2.88,0.066
1,142597.8,STANDING,2.67,-0.027
1,142631.1,STANDING,2.14,-0.158
1,142664.4,STANDING,1.29,-0.383
1,142698.0,STANDING,0.89,-0.070
1,142731.2,STANDING,0.92,0.203
1,142764.4,STANDING,1.06,0.187
1,142797.7,STANDING,1.21,0.121
1,142831.2,STANDING,1.36,0.162
1,142864.6,STANDING,1.52,0.089
1,142898.1,STANDING,1.75,0.002
1,142931.2,STANDING,1.97,-0.025
1,142964.9,STANDING,2.20,-0.017
1,142997.8,STANDING,2.38,-0.002
1,143031.1,STANDING,2.50,-0.003
1,143064.6,STANDING,2.61,0.029
1,143098.1,STANDING,2.73,0.016
1,143131.2,STANDING,2.87,-0.029
1,143165.6,STANDING,2.97,-0.039
1,143198.0,STANDING,3.05,-0.163
1,143231.4,STANDING,3.04,-0.141
1,143264.4,STANDING,2.95,-0.189
1,143297.9,STANDING,2.81,-0.217
1,143331.4,STANDING,2.67,-0.240
1,143364.6,STANDING,2.54,-0.204
1,143397.9,STANDING,2.42,-0.168
1,143431.3,STANDING,2.36,-0.217
1,143464.6,STANDING,2.38,-0.269
1,143497.9,STANDING,2.34,-0.324
1,143532.2,STANDING,2.27,-0.326
1,143564.7,STANDING,2.13,-0.381
1,143598.1,STANDING,2.10,-0.427
1,143631.2,STANDING,2.24,-0.372
1,143664.5,STANDING,2.42,-0.380
1,143697.8,STANDING,2.83,-0.340
1,143730.2,STANDING,3.33,-0.482
1,143764.1,STANDING,3.75,-0.476
1,143798.2,STANDING,3.90,-0.414
1,143830.2,STANDING,3.91,-0.365
1,143863.6,STANDING,3.90,-0.361
1,143889.9,STANDING,3.86,-0.369
1,143932.1,STANDING,3.62,-0.357
1,143964.5,STANDING,3.26,-0.252
1,143998.0,STANDING,3.02,-0.158
1,144031.2,STANDING,2.93,-0.104
1,144064.7,STANDING,2.97,-0.084
1,144097.8,STANDING,3.01,-0.106
1,144131.5,STANDING,3.19,-0.129
1,144164.6,STANDING,3.38,-0.115
1,144197.1,STANDING,3.60,-0.142
1,144231.4,STANDING,3.82,-0.176
1,144264.9,STANDING,3.78,-0.241
1,144298.2,STANDING,3.64,-0.229
1,144330.2,STANDING,3.51,-0.229
1,144363.8,STANDING,3.45,-0.230
1,144397.8,STANDING,3.64,-0.264
1,144431.3,STANDING,3.98,-0.284
1,144464.6,STANDING,4.31,-0.270
1,144497.9,STANDING,4.63,-0.231
1,144531.5,STANDING,4.86,-0.161
1,144564.9,STANDING,5.04,-0.127
1,144597.8,STANDING,5.15,-0.090
1,144631.1,STANDING,5.11,-0.059
1,144665.0,STANDING,4.94,-0.049
1,144697.9,STANDING,4.73,-0.059
1,144731.2,STANDING,4.46,-0.069
1,144764.8,STANDING,4.17,-0.107
1,144798.1,STANDING,3.92,-0.099
1,144830.5,STANDING,3.70,-0.084
1,144864.8,STANDING,3.45,-0.044
1,144896.9,STANDING,3.09,-0.041
1,144930.2,STANDING,2.67,-0.060
1,144964.6,STANDING,2.32,-0.058
1,144998.2,STANDING,2.13,-0.073
1,145030.4,STANDING,2.00,-0.094
1,145063.5,STANDING,1.94,-0.117
1,145098.1,STANDING,1.84,-0.149
1,145130.2,STANDING,1.76,-0.122
1,145163.5,STANDING,1.67,-0.129
1,145196.9,STANDING,1.60,-0.115
1,145232.2,STANDING,1.54,-0.093
1,145264.5,STANDING,1.42,-0.078
1,145289.6,STANDING,1.20,-0.049
1,145331.3,STANDING,1.06,-0.028
1,145364.6,STANDING,1.06,-0.010
1,145397.9,STANDING,1.19,-0.009
1,145431.6,STANDING,1.36,-0.013
1,145465.7,STANDING,1.63,-0.014
1,145498.9,STANDING,1.92,-0.009
1,145531.6,STANDING,2.24,-0.003
1,145564.9,STANDING,2.60,-0.004
1,145597.8,STANDING,2.88,-0.009
1,145631.4,STANDING,3.06,-0.024
1,145664.5,STANDING,3.18,-0.024
1,145697.8,STANDING,3.36,-0.019
1,145731.5,STANDING,3.54,-0.018
1,145764.5,STANDING,3.76,-0.012
1,145797.9,STANDING,4.20,-0.008
1,145831.4,STANDING,4.71,-0.002
1,145864.4,STANDING,5.13,-0.013
1,145897.8,STANDING,5.39,-0.013
1,145931.1,STANDING,5.59,-0.025
1,145964.4,STANDING,5.66,-0.038
1,145998.9,STANDING,5.70,-0.041
1,146031.1,STANDING,5.74,-0.041
1,146064.6,STANDING,5.76,-0.031
1,146097.9,STANDING,5.77,-0.017
1,146132.3,STANDING,5.78,-0.000
1,146164.6,STANDING,5.79,0.024
1,146197.9,STANDING,5.69,0.021
1,146231.3,STANDING,5.58,0.017
1,146264.6,STANDING,5.43,0.013
1,146297.9,STANDING,5.32,0.008
1,146331.2,STANDING,5.22,0.005
1,146364.9,STANDING,5.16,0.009
1,146398.0,STANDING,5.12,0.019
1,146431.4,STANDING,5.10,0.019
1,146464.8,STANDING,5.10,0.010
1,146498.8,STANDING,5.08,0.006
1,146531.2,STANDING,5.06,-0.002
1,146564.6,STANDING,5.03,0.000
1,146597.9,STANDING,5.03,0.013
1,146631.3,STANDING,5.02,0.006
1,146664.6,STANDING,4.99,0.009
1,146698.9,STANDING,4.94,0.021
1,146731.3,STANDING,4.85,0.014
1,146764.6,STANDING,4.68,0.017
1,146799.1,STANDING,4.49,0.009
1,146832.3,STANDING,4.27,0.003
1,146864.5,STANDING,3.99,0.003
1,146898.3,STANDING,3.64,0.009
1,146931.3,STANDING,3.20,0.021
1,146964.6,STANDING,2.61,0.040
1,146997.9,STANDING,2.00,0.086
1,147031.3,STANDING,1.29,0.164
1,147064.6,STANDING,1.06,0.150
1,147097.8,STANDING,1.38,0.166
1,147131.5,STANDING,2.05,0.192
1,147164.8,STANDING,2.99,0.232
1,147197.9,STANDING,4.01,0.343
1,147231.3,STANDING,4.98,0.375
1,147265.5,STANDING,5.94,0.432
1,147297.8,FALLING,6.82,0.519
1,147331.1,FALLING,7.81,0.467
1,147364.9,FALLING,8.81,0.465
1,147397.8,FALLING,9.91,0.455
1,147431.2,FALLING,11.09,0.395
1,147464.8,FALLING,12.34,0.366
1,147497.8,FALLING,13.79,0.394
1,147531.4,FALLING,15.95,0.335
1,147564.8,FALLING,18.83,0.319
1,147597.8,FALLING,21.60,0.332
1,147631.4,FALLING,24.48,0.339
1,147664.5,FALLING,27.08,0.359
1,147698.8,FALLING,29.42,0.336
1,147731.5,FALLING,31.91,0.236
1,147764.5,FALLING,34.87,0.224
1,147798.3,FALLING,38.78,0.180
1,147832.1,FALLING,44.15,0.174
1,147865.7,FALLING,50.05,0.047
1,147897.9,FALLING,56.56,-0.017
1,147931.3,FALLEN,63.73,-0.026
1,147964.8,FALLEN,71.28,-0.009
1,147998.1,FALLEN,78.41,-0.016
1,148031.3,FALLEN,79.58,-0.032
1,148064.7,FALLEN,77.27,-0.034
1,148098.1,FALLEN,74.79,-0.034
1,148131.2,FALLEN,73.04,-0.042
1,148164.8,FALLEN,71.29,-0.046
1,148197.9,FALLEN,69.61,-0.034
1,148231.2,FALLEN,68.28,-0.036
1,148264.8,FALLEN,66.63,-0.022
1,148298.0,FALLEN,64.68,-0.039
1,148331.2,FALLEN,63.03,-0.044
1,148364.4,FALLEN,61.54,-0.039
1,148397.8,FALLEN,60.26,-0.035
1,148431.3,FALLEN,59.06,-0.023
1,148464.6,FALLEN,57.72,-0.013
1,148498.0,FALLEN,56.65,-0.003
1,148531.2,FALLEN,55.39,0.009
1,148564.6,FALLEN,54.31,0.011
1,148598.9,FALLEN,53.51,0.008
1,148632.2,FALLEN,53.00,0.004
1,148664.7,FALLEN,52.57,0.001
1,148698.1,FALLEN,52.35,-0.002
1,148731.5,FALLEN,52.20,-0.009
1,148764.7,FALLEN,52.30,-0.012
1,148798.1,FALLEN,52.65,-0.011
1,148831.6,FALLEN,53.21,-0.004
1,148864.6,FALLEN,54.22,0.004
1,148897.9,FALLEN,55.44,0.011
1,148931.2,FALLEN,56.51,0.015
1,148964.5,FALLEN,57.51,0.010
1,148998.1,FALLEN,58.41,0.009
1,149031.4,FALLEN,59.07,0.013
1,149064.7,FALLEN,59.59,0.001
1,149097.8,FALLEN,59.93,0.001
1,149131.1,FALLEN,60.16,0.001
1,149164.8,FALLEN,60.12,-0.012
1,149198.1,FALLEN,59.99,-0.008
1,149231.4,FALLEN,59.80,-0.007
1,149264.5,FALLEN,59.68,-0.005
1,149298.1,FALLEN,59.48,-0.004
1,149331.3,FALLEN,59.21,-0.008
1,149364.7,FALLEN,58.92,-0.007
1,149398.1,FALLEN,58.60,-0.005
1,149431.6,FALLEN,58.35,-0.003
1,149464.5,FALLEN,58.24,-0.001
1,149498.2,FALLEN,58.28,-0.002
1,149531.2,FALLEN,58.27,-0.000
1,149564.5,FALLEN,58.17,-0.000
1,149597.8,FALLEN,58.07,0.001
1,149632.3,FALLEN,58.01,-0.000
1,149664.8,FALLEN,58.03,0.000
1,149698.3,FALLEN,58.14,0.001
1,149731.1,FALLEN,58.25,0.003
1,149764.5,FALLEN,58.38,0.007
1,149798.1,FALLEN,58.55,0.004
1,149831.4,FALLEN,58.68,0.006
1,149864.5,FALLEN,58.76,0.007
1,149897.8,FALLEN,58.79,0.005
1,149931.2,FALLEN,58.78,0.005
1,149964.5,FALLEN,58.75,0.003
1,149998.1,FALLEN,58.71,0.004
1,150031.2,FALLEN,58.60,0.006
1,150064.6,FALLEN,58.57,0.007
1,150098.0,FALLEN,58.56,0.003
1,150131.4,FALLEN,58.59,0.006
1,150164.7,FALLEN,58.65,0.004
1,150197.8,FALLEN,58.68,0.003
1,150231.3,FALLEN,58.61,-0.000
1,150264.7,FALLEN,58.50,-0.015
1,150298.1,FALLEN,58.43,-0.009
1,150331.2,FALLEN,58.32,-0.006
1,150364.9,FALLEN,58.21,-0.004
1,150397.8,FALLEN,58.10,-0.001
1,150431.6,FALLEN,58.06,-0.001
1,150464.5,FALLEN,58.11,-0.000
1,150497.8,FALLEN,58.12,-0.000
1,150531.1,FALLEN,58.10,0.001
1,150564.8,FALLEN,58.07,0.003
1,150598.2,FALLEN,58.09,-0.002
1,150631.3,FALLEN,58.17,-0.000
1,150664.7,FALLEN,58.21,0.000
1,150698.1,FALLEN,58.28,0.003
1,150732.2,FALLEN,58.31,0.002
1,150764.7,FALLEN,58.36,0.006
1,150797.8,FALLEN,58.45,0.012
1,150831.2,FALLEN,58.54,0.025
1,150864.7,FALLEN,58.51,0.010
1,150897.8,FALLEN,58.40,-0.011
1,150931.4,FALLEN,58.31,-0.018
1,150964.5,FALLEN,58.27,-0.013
1,150997.9,FALLEN,58.34,-0.016
1,151031.3,FALLEN,58.28,-0.022
1,151064.5,FALLEN,58.15,-0.016
1,151097.9,FALLEN,58.00,-0.002
1,151131.4,FALLEN,58.01,0.020
1,151164.8,FALLEN,58.05,0.031
1,151198.1,FALLEN,58.03,0.036
1,151231.3,FALLEN,57.93,0.025
1,151265.0,FALLEN,57.92,0.021
1,151297.9,FALLEN,58.30,0.019
1,151331.3,FALLEN,58.77,0.020
1,151364.6,FALLEN,60.51,0.029
1,151397.8,FALLEN,62.84,0.018
1,151431.2,FALLEN,65.13,-0.013
1,151464.5,FALLEN,67.29,-0.048
1,151497.8,FALLEN,68.77,-0.071
1,151531.4,FALLEN,70.48,-0.037
1,151564.8,FALLEN,72.31,-0.037
1,151598.4,FALLEN,74.13,-0.002
1,151631.3,FALLEN,75.65,0.030
1,151664.8,FALLEN,77.67,0.078
1,151697.8,FALLEN,78.72,0.052
1,151731.4,FALLEN,80.67,0.044
1,151764.8,FALLEN,82.50,0.019
1,151797.8,FALLEN,83.50,0.011
1,151831.4,FALLEN,84.66,0.038
1,151864.8,FALLEN,86.43,0.097
1,151898.0,FALLEN,85.98,0.061
1,151931.3,FALLEN,86.69,-0.108
1,151964.7,FALLEN,87.09,-0.138
1,151998.9,FALLEN,87.12,-0.174
1,152031.1,FALLEN,87.03,-0.187
1,152064.5,FALLEN,86.21,-0.162
1,152098.1,FALLEN,84.76,-0.135
1,152131.1,FALLEN,83.43,-0.161
1,152164.5,FALLEN,81.92,-0.169
1,152198.2,FALLEN,79.70,-0.197
1,152231.1,FALLEN,77.05,-0.173
1,152264.4,FALLEN,74.46,-0.192
1,152297.8,FALLEN,72.03,-0.196
1,152331.3,FALLEN,68.89,-0.135
1,152364.5,FALLEN,64.01,-0.035
1,152397.8,FALLEN,58.56,0.045
1,152431.2,FALLEN,52.77,0.106
1,152464.5,FALLEN,46.93,0.128
1,152497.8,STANDING,41.72,0.134
1,152531.4,STANDING,37.26,0.107
1,152564.7,STANDING,33.19,0.093
1,152598.1,STANDING,29.77,0.069
1,152631.4,STANDING,26.52,0.060
1,152664.8,STANDING,23.70,0.020
1,152698.0,STANDING,20.81,0.021
1,152732.3,STANDING,17.96,0.049
1,152764.6,STANDING,15.00,0.063
1,152797.8,STANDING,11.97,0.020
1,152831.2,STANDING,9.13,-0.008
1,152864.5,STANDING,6.57,-0.073
1,152898.0,STANDING,4.38,-0.079
1,152931.3,STANDING,2.64,-0.133
1,152964.8,STANDING,2.00,-0.169
1,152997.9,STANDING,1.37,-0.213
1,153031.2,STANDING,0.91,-0.253
1,153064.5,STANDING,0.61,-0.322
1,153098.1,STANDING,0.51,-0.364
1,153131.2,STANDING,0.61,-0.359
1,153164.8,STANDING,0.78,-0.375
1,153197.8,STANDING,0.86,-0.314
1,153231.4,STANDING,1.13,-0.287
1,153264.7,STANDING,1.33,-0.191
1,153297.8,STANDING,1.52,-0.082
1,153331.4,STANDING,1.89,-0.078
1,153364.6,STANDING,2.16,-0.050
1,153397.9,STANDING,2.45,-0.048
1,153431.1,STANDING,2.67,0.007
1,153464.5,STANDING,2.68,0.032
1,153497.8,STANDING,2.81,0.038
1,153531.2,STANDING,3.06,0.058
1,153564.6,STANDING,3.27,0.261
1,153598.3,STANDING,3.47,0.228
1,153631.4,STANDING,3.52,0.277
1,153664.6,STANDING,3.38,0.305
1,153698.1,STANDING,3.19,0.265
1,153731.5,STANDING,3.03,0.238
1,153764.8,STANDING,2.77,0.256
1,153798.2,STANDING,2.55,0.301
1,153831.4,STANDING,2.31,0.331
1,153864.8,STANDING,2.12,0.362
1,153897.9,FALLING,1.92,0.456
1,153931.3,FALLING,1.68,0.450
1,153964.8,FALLING,1.53,0.414
1,153998.1,FALLING,1.40,0.386
1,154031.2,FALLING,1.35,0.329
1,154064.8,FALLING,1.25,0.295
1,154097.9,FALLING,1.29,0.239
1,154131.5,FALLING,1.46,0.112
1,154164.9,FALLING,1.81,0.044
1,154198.0,FALLING,2.31,-0.031
1,154231.1,FALLING,3.12,-0.159
1,154264.5,FALLING,3.94,-0.148
1,154298.2,FALLING,4.40,-0.096
1,154331.2,FALLING,4.38,0.098
1,154364.7,FALLING,3.84,0.380
1,154398.1,FALLING,3.20,0.727
1,154431.2,FALLING,2.66,0.695
1,154464.5,FALLING,2.44,0.596
1,154498.2,FALLING,2.27,0.591
1,154531.3,FALLING,2.26,0.555
1,154564.7,FALLING,2.21,0.464
1,154598.4,FALLING,2.40,0.256
1,154631.1,FALLING,2.63,0.173
1,154664.5,FALLING,2.74,0.099
1,154697.9,FALLING,2.78,0.059
1,154731.2,FALLING,2.97,0.037
1,154764.5,FALLING,3.06,0.036
1,154798.1,FALLING,3.18,-0.011
1,154831.1,FALLING,3.18,-0.021
1,154864.4,FALLING,3.10,-0.027
1,154897.8,FALLING,3.08,-0.089
1,154931.3,STANDING,3.09,-0.303
1,154965.6,STANDING,3.20,-0.468
1,154998.1,STANDING,3.66,-0.566
1,155031.3,STANDING,3.85,-0.503
1,155064.5,STANDING,3.94,-0.461
1,155097.8,STANDING,4.05,-0.367
1,155131.5,STANDING,4.09,-0.157
1,155164.7,STANDING,3.76,0.249
1,155197.8,STANDING,3.55,0.416
1,155231.2,FALLING,3.12,0.513
1,155264.8,FALLING,2.89,0.285
1,155298.0,FALLING,2.73,0.034
1,155332.3,FALLING,2.49,-0.171
1,155364.7,FALLING,2.42,-0.199
1,155397.8,FALLING,2.50,-0.181
1,155431.4,FALLING,2.59,-0.238
1,155464.6,FALLING,2.67,-0.312
1,155498.1,FALLING,2.71,-0.402
1,155531.3,FALLING,2.72,-0.432
1,155564.8,FALLING,2.72,-0.498
1,155598.0,FALLING,2.80,-0.515
1,155631.4,FALLING,2.85,-0.335
1,155664.8,FALLING,2.90,-0.167
1,155697.8,FALLING,3.00,-0.132
1,155731.2,FALLING,3.12,-0.149
1,155764.5,FALLING,3.31,-0.169
1,155797.8,FALLING,3.61,-0.185
1,155832.3,FALLING,4.01,-0.252
1,155864.5,FALLING,4.20,-0.346
1,155898.1,FALLING,4.25,-0.343
1,155931.4,FALLING,4.11,-0.293
1,155964.7,FALLING,3.92,-0.284
1,155997.8,FALLING,3.67,-0.274
1,156031.2,FALLING,3.34,-0.304
1,156064.4,FALLING,3.09,-0.413
1,156098.1,FALLING,2.84,-0.498
1,156131.3,FALLING,2.70,-0.540
1,156164.9,FALLING,2.57,-0.403
1,156198.1,FALLING,2.45,-0.299
1,156231.5,STANDING,2.33,-0.270
1,156264.5,STANDING,2.21,-0.201
1,156297.8,STANDING,2.10,-0.149
1,156331.2,STANDING,1.88,-0.120
1,156364.6,STANDING,1.62,-0.106
1,156397.9,STANDING,1.30,-0.173
1,156431.5,STANDING,0.93,-0.163
1,156464.9,STANDING,0.75,-0.126
1,156497.8,STANDING,0.46,-0.056
1,156531.2,STANDING,0.43,-0.027
1,156564.6,STANDING,0.60,-0.044
1,156598.5,STANDING,0.86,-0.060
1,156631.4,STANDING,1.03,-0.133
1,156664.7,STANDING,1.21,-0.156
1,156698.1,STANDING,1.34,-0.220
1,156731.1,STANDING,1.57,-0.228
1,156764.5,STANDING,1.81,-0.200
1,156797.8,STANDING,2.07,-0.146
1,156831.3,STANDING,2.30,-0.126
1,156864.6,STANDING,2.55,-0.109
1,156898.1,STANDING,2.75,-0.104
1,156931.2,STANDING,2.91,-0.096
1,156964.8,STANDING,2.95,-0.088
1,156997.9,STANDING,2.88,-0.046
1,157031.4,STANDING,2.79,-0.022
1,157064.7,STANDING,2.61,-0.019
1,157098.0,STANDING,2.38,-0.021
1,157131.3,STANDING,2.04,-0.017
1,157165.6,STANDING,1.62,-0.014
1,157197.9,STANDING,1.15,-0.009
1,157231.5,STANDING,0.72,-0.004
1,157264.5,STANDING,0.77,-0.009
1,157297.9,STANDING,1.05,-0.019
1,157331.4,STANDING,1.38,-0.026
1,157364.6,STANDING,1.95,-0.031
1,157398.1,STANDING,2.55,-0.030
1,157431.4,STANDING,3.06,-0.029
1,157464.5,STANDING,3.47,-0.029
1,157498.1,STANDING,3.77,-0.019
1,157531.1,STANDING,3.91,-0.006
1,157564.5,STANDING,3.92,-0.002
1,157598.2,STANDING,3.89,-0.003
1,157631.4,STANDING,3.99,-0.016
1,157664.7,STANDING,4.08,-0.028
1,157697.8,STANDING,4.10,-0.031
1,157731.2,STANDING,3.95,-0.034
1,157764.8,STANDING,3.65,-0.044
1,157798.1,STANDING,3.32,-0.039
1,157831.2,STANDING,2.90,-0.036
1,157864.9,STANDING,2.41,-0.021
1,157898.0,STANDING,1.95,-0.011
1,157931.3,STANDING,1.51,-0.006
1,157964.6,STANDING,1.03,-0.001
1,157998.0,STANDING,0.78,0.002
1,158031.3,STANDING,0.88,-0.005
1,158064.7,STANDING,1.22,-0.003
1,158098.1,STANDING,1.54,-0.002
1,158131.5,STANDING,1.83,0.006
1,158164.8,STANDING,2.02,0.009
1,158198.1,STANDING,2.16,0.007
1,158231.4,STANDING,2.28,0.004
1,158264.8,STANDING,2.35,0.004
1,158297.9,STANDING,2.35,0.000
1,158331.1,STANDING,2.32,-0.002
1,158364.5,STANDING,2.20,0.002
1,158398.1,STANDING,2.06,0.003
1,158431.4,STANDING,1.87,0.007
1,158464.5,STANDING,1.70,0.001
1,158497.8,STANDING,1.53,0.005
1,158531.4,STANDING,1.40,0.009
1,158564.8,STANDING,1.24,0.022
1,158598.4,STANDING,1.09,0.019
1,158631.3,STANDING,0.91,0.018
1,158664.6,STANDING,0.72,0.015
1,158697.9,STANDING,0.49,0.015
1,158731.4,STANDING,0.40,0.007
1,158764.8,STANDING,0.36,-0.001
1,158798.1,STANDING,0.44,-0.006
1,158831.4,STANDING,0.54,-0.006
1,158864.7,STANDING,0.64,-0.017
1,158897.9,STANDING,0.66,-0.029
1,158931.4,STANDING,0.58,-0.034
1,158964.9,STANDING,0.46,-0.032
1,158998.2,STANDING,0.41,-0.033
1,159031.1,STANDING,0.37,-0.019
1,159064.4,STANDING,0.35,-0.015
1,159097.9,STANDING,0.43,-0.018
1,159131.4,STANDING,0.66,-0.010
1,159164.6,STANDING,0.93,-0.007
1,159198.0,STANDING,1.23,-0.005
1,159231.3,STANDING,1.63,0.000
1,159264.6,STANDING,1.91,0.010
1,159298.1,STANDING,2.01,0.015
1,159331.4,STANDING,2.01,0.033
1,159364.7,STANDING,2.11,0.018
1,159398.1,STANDING,2.13,0.024
1,159431.2,STANDING,2.10,0.025
1,159464.7,STANDING,2.06,0.037
1,159497.7,STANDING,2.06,0.039
1,159531.2,STANDING,2.01,0.026
1,159564.8,STANDING,1.92,0.015
1,159598.5,STANDING,1.71,0.005
1,159631.2,STANDING,1.48,-0.006
1,159664.5,STANDING,1.25,-0.014
1,159697.9,STANDING,1.05,-0.020
1,159731.3,STANDING,0.90,-0.024
1,159764.6,STANDING,0.80,-0.030
1,159798.1,STANDING,0.69,-0.017
1,159831.2,STANDING,0.63,-0.013
1,159873.0,STANDING,0.54,-0.008
1,159898.1,STANDING,0.49,-0.006
1,159931.1,STANDING,0.48,-0.005
1,159964.7,STANDING,0.45,0.021
1,159998.9,STANDING,0.30,0.013
1,160031.3,STANDING,0.37,0.016
1,160064.6,STANDING,0.60,0.075
1,160098.9,STANDING,0.95,0.130
1,160131.2,STANDING,1.44,0.202
1,160164.5,STANDING,2.09,0.247
1,160198.0,STANDING,2.74,0.257
1,160231.4,STANDING,3.43,0.299
1,160264.7,STANDING,3.99,0.344
1,160297.9,STANDING,4.35,0.356
1,160331.3,STANDING,4.39,0.337
1,160364.5,STANDING,4.38,0.329
1,160398.1,STANDING,4.29,0.376
1,160431.6,STANDING,4.05,0.396
1,160464.5,STANDING,3.63,0.407
1,160497.8,FALLING,2.71,0.498
1,160531.5,FALLING,2.02,0.534
1,160564.6,FALLING,2.73,0.579
1,160598.1,FALLING,3.12,0.553
1,160631.2,FALLING,2.83,0.608
1,160664.5,FALLING,2.04,0.540
1,160698.8,FALLING,3.95,0.504
1,160731.4,FALLING,7.87,0.362
1,160764.5,FALLING,13.24,0.267
1,160797.8,FALLING,19.80,0.323
1,160831.5,FALLING,27.08,0.291
1,160864.7,FALLING,34.19,0.039
1,160898.1,FALLING,41.61,-0.038
1,160931.3,FALLING,50.27,-0.053
1,160965.7,FALLING,59.56,-0.056
1,160998.0,FALLEN,68.75,-0.080
1,161031.2,FALLEN,76.19,-0.117
1,161063.9,FALLEN,78.56,-0.114
1,161098.0,FALLEN,79.38,-0.079
1,161132.0,FALLEN,79.51,-0.045
1,161164.6,FALLEN,79.57,-0.019
1,161197.9,FALLEN,79.59,-0.005
1,161231.1,FALLEN,79.78,0.006
1,161264.5,FALLEN,79.51,0.006
1,161298.1,FALLEN,79.20,0.004
1,161331.3,FALLEN,78.90,0.015
1,161364.5,FALLEN,78.62,0.024
1,161397.9,FALLEN,78.36,0.013
1,161432.4,FALLEN,78.05,0.006
1,161464.7,FALLEN,77.78,-0.011
1,161497.8,FALLEN,77.26,-0.005
1,161531.3,FALLEN,77.05,-0.006
1,161564.7,FALLEN,76.71,-0.024
1,161598.0,FALLEN,76.24,-0.030
1,161631.4,FALLEN,76.63,0.068
1,161664.8,FALLEN,77.77,0.108
1,161698.0,FALLEN,78.72,0.086
1,161731.6,FALLEN,79.27,0.044
1,161764.8,FALLEN,79.49,0.012
1,161798.1,FALLEN,79.52,-0.005
1,161831.2,FALLEN,79.39,-0.015
1,161864.8,FALLEN,79.18,-0.017
1,161897.8,FALLEN,79.00,-0.029
1,161932.4,FALLEN,78.88,-0.027
1,161964.7,FALLEN,78.67,-0.036
1,161998.9,FALLEN,78.51,-0.029
1,162031.2,FALLEN,78.44,-0.017
1,162064.8,FALLEN,78.34,-0.014
1,162098.9,FALLEN,78.26,-0.008
1,162131.4,FALLEN,78.17,-0.008
1,162164.9,FALLEN,78.07,-0.010
1,162198.1,FALLEN,77.96,-0.008
1,162231.2,FALLEN,77.81,-0.013
1,162265.6,FALLEN,77.59,-0.019
1,162299.0,FALLEN,77.47,-0.015
1,162331.3,FALLEN,77.44,-0.010
1,162364.7,FALLEN,77.46,-0.004
1,162398.1,FALLEN,77.48,-0.000
1,162431.6,FALLEN,77.46,0.003
1,162464.7,FALLEN,77.44,0.003
1,162497.9,FALLEN,77.39,0.002
1,162531.3,FALLEN,77.29,-0.006
1,162564.6,FALLEN,77.26,-0.004
1,162598.2,FALLEN,77.21,-0.005
1,162631.1,FALLEN,77.23,-0.003
1,162665.6,FALLEN,77.26,-0.000
1,162697.8,FALLEN,77.32,0.005
1,162731.2,FALLEN,77.38,0.003
1,162764.7,FALLEN,77.47,0.002
1,162798.1,FALLEN,77.52,0.001
1,162831.4,FALLEN,77.57,0.002
1,162864.7,FALLEN,77.58,0.002
1,162897.8,FALLEN,77.60,0.001
1,162932.3,FALLEN,77.66,0.001
1,162964.5,FALLEN,77.68,0.000
1,162998.9,FALLEN,77.66,-0.002
1,163032.2,FALLEN,77.65,-0.002
1,163064.8,FALLEN,77.58,-0.006
1,163098.0,FALLEN,77.48,-0.006
1,163131.4,FALLEN,77.43,-0.004
1,163165.6,FALLEN,77.44,-0.002
1,163197.9,FALLEN,77.50,0.002
1,163231.4,FALLEN,77.56,0.004
1,163264.9,FALLEN,77.59,0.003
1,163297.8,FALLEN,77.62,0.003
1,163331.3,FALLEN,77.60,0.002
1,163364.7,FALLEN,77.59,0.003
1,163398.9,FALLEN,77.59,0.002
1,163431.4,FALLEN,77.61,0.002
1,163464.7,FALLEN,77.59,0.001
1,163498.9,FALLEN,77.59,0.002
1,163531.2,FALLEN,77.58,-0.001
1,163564.7,FALLEN,77.62,0.002
1,163597.9,FALLEN,77.61,0.001
1,163631.1,FALLEN,77.60,0.000
1,163665.0,FALLEN,77.58,0.000
1,163698.1,FALLEN,77.58,-0.000
1,163731.2,FALLEN,77.57,-0.000
1,163764.9,FALLEN,77.56,-0.000
1,163798.3,FALLEN,77.57,0.000
1,163831.2,FALLEN,77.57,0.000
1,163864.5,FALLEN,77.58,0.001
1,163898.1,FALLEN,77.58,0.000
1,163932.3,FALLEN,77.62,0.003
1,163965.6,FALLEN,77.62,0.002
1,163998.0,FALLEN,77.63,0.001
1,164031.2,FALLEN,77.62,-0.001
1,164064.7,FALLEN,77.66,0.001
1,164097.9,FALLEN,77.68,-0.000
1,164132.4,FALLEN,77.67,0.000
1,164164.7,FALLEN,77.67,-0.002
1,164198.1,FALLEN,77.69,0.001
1,164232.2,FALLEN,77.67,0.000
1,164264.6,FALLEN,77.65,0.000
1,164298.0,FALLEN,77.62,-0.001
1,164331.5,FALLEN,77.61,0.000
1,164364.5,FALLEN,77.57,-0.000
1,164398.2,FALLEN,77.56,-0.000
1,164431.4,FALLEN,77.56,-0.001
1,164464.8,FALLEN,77.57,-0.000
1,164499.1,FALLEN,77.56,-0.002
1,164531.2,FALLEN,77.51,-0.001
1,164564.5,FALLEN,77.47,-0.002
1,164598.2,FALLEN,77.45,-0.002
1,164631.4,FALLEN,77.43,-0.001
1,164664.5,FALLEN,77.46,-0.001
1,164697.8,FALLEN,77.47,-0.001
1,164732.3,FALLEN,77.49,0.000
1,164764.6,FALLEN,77.49,-0.000
1,164798.0,FALLEN,77.49,0.001
1,164832.3,FALLEN,77.45,-0.001
1,164864.6,FALLEN,77.43,-0.003
1,164898.0,FALLEN,77.45,-0.002
1,164931.3,FALLEN,77.44,0.000
1,164964.6,FALLEN,77.43,-0.001
1,164998.1,FALLEN,77.44,0.000
1,165031.1,FALLEN,77.43,-0.000
1,165064.7,FALLEN,77.45,0.002
1,165098.2,FALLEN,77.47,0.000
1,165131.5,FALLEN,77.50,0.002
1,165164.6,FALLEN,77.52,0.002
1,165199.0,FALLEN,77.60,0.010
1,165231.4,FALLEN,77.72,0.012
1,165264.6,FALLEN,78.00,0.023
1,165298.1,FALLEN,78.29,0.021
1,165331.3,FALLEN,78.67,0.029
1,165364.6,FALLEN,79.29,0.052
1,165398.0,FALLEN,79.93,0.060
1,165431.3,FALLEN,80.50,0.060
1,165464.6,FALLEN,80.92,0.049
1,165499.0,FALLEN,81.58,0.055
1,165531.2,FALLEN,82.11,0.038
1,165565.7,FALLEN,82.60,0.032
1,165598.1,FALLEN,83.34,0.023
1,165631.2,FALLEN,84.41,0.014
1,165664.7,FALLEN,85.28,-0.007
1,165697.8,FALLEN,86.36,-0.030
1,165731.4,FALLEN,87.47,-0.057
1,165764.6,FALLEN,88.36,-0.051
1,165798.0,FALLEN,88.23,-0.045
1,165831.5,FALLEN,87.97,-0.032
1,165864.5,FALLEN,87.29,-0.028
1,165898.1,FALLEN,85.89,-0.029
1,165931.2,FALLEN,84.67,-0.028
1,165964.6,FALLEN,84.21,-0.024
1,165998.0,FALLEN,84.24,-0.013
1,166031.3,ALERTED,84.60,-0.004
1,166064.6,ALERTED,84.84,0.032
1,166098.2,ALERTED,84.52,0.116
1,166132.5,ALERTED,84.51,0.101
1,166164.7,ALERTED,85.01,0.058
1,166197.9,ALERTED,85.01,0.058
1,166231.3,ALERTED,86.20,-0.001
1,166264.5,ALERTED,87.06,-0.047
1,166297.9,ALERTED,87.81,-0.081
1,166331.2,ALERTED,87.38,-0.123
1,166364.7,ALERTED,86.64,-0.102
1,166398.1,ALERTED,85.84,-0.158
1,166432.4,ALERTED,84.59,-0.152
1,166464.8,ALERTED,82.17,-0.128
1,166498.1,ALERTED,79.25,-0.104
1,166531.5,ALERTED,76.42,-0.103
1,166564.5,ALERTED,73.70,-0.110
1,166598.0,ALERTED,70.21,-0.093
1,166631.2,ALERTED,66.25,-0.066
1,166664.5,ALERTED,62.13,-0.046
1,166698.1,ALERTED,57.76,-0.036
1,166731.2,ALERTED,53.49,-0.033
1,166764.6,ALERTED,48.63,-0.037
1,166798.0,STANDING,44.05,-0.011
1,166832.2,STANDING,39.45,0.002
1,166864.8,STANDING,34.80,0.018
1,166898.0,STANDING,30.14,0.011
1,166931.2,STANDING,26.10,0.022
1,166964.5,STANDING,22.02,0.067
1,166997.8,STANDING,18.25,0.094
1,167031.2,STANDING,14.74,0.160
1,167064.8,STANDING,11.44,0.105
1,167098.9,STANDING,8.32,0.067
1,167131.2,STANDING,5.32,-0.032
1,167164.5,STANDING,3.59,-0.110
1,167198.0,STANDING,3.22,-0.156
1,167231.3,STANDING,3.55,-0.219
1,167264.7,STANDING,4.08,-0.190
1,167298.3,STANDING,4.68,-0.291
1,167331.2,STANDING,5.11,-0.322
1,167364.7,STANDING,5.59,-0.227
1,167397.9,STANDING,5.99,-0.258
1,167431.1,STANDING,6.41,-0.315
1,167464.5,STANDING,6.50,-0.357
1,167497.8,STANDING,6.63,-0.248
1,167531.2,STANDING,6.80,-0.278
1,167564.6,STANDING,7.02,-0.271
1,167597.8,STANDING,6.92,-0.288
1,167631.2,STANDING,6.60,-0.231
1,167664.7,STANDING,6.25,-0.210
1,167698.1,STANDING,6.03,-0.195
1,167731.5,STANDING,5.95,-0.193
1,167764.5,STANDING,5.97,-0.231
1,167797.8,STANDING,5.99,-0.189
1,167831.4,STANDING,6.07,-0.174
1,167865.6,STANDING,6.20,-0.180
1,167898.0,STANDING,6.36,-0.206
1,167931.3,STANDING,6.47,-0.208
1,167965.7,STANDING,6.54,-0.210
1,167998.1,STANDING,6.60,-0.213
1,168031.4,STANDING,6.55,-0.179
1,168065.4,STANDING,6.46,-0.208
1,168098.0,STANDING,6.41,-0.216
1,168131.4,STANDING,6.29,-0.197
1,168164.5,STANDING,6.06,-0.174
1,168197.8,STANDING,5.75,-0.164
1,168231.1,STANDING,5.48,-0.152
1,168264.7,STANDING,5.30,-0.105
1,168297.9,STANDING,5.16,-0.075
1,168331.3,STANDING,5.08,-0.056
1,168364.7,STANDING,5.05,-0.062
1,168398.1,STANDING,5.12,-0.056
1,168431.5,STANDING,5.22,-0.073
1,168464.6,STANDING,5.28,-0.081
1,168498.0,STANDING,5.35,-0.078
1,168532.2,STANDING,5.18,-0.034
1,168564.8,STANDING,5.13,-0.006
1,168598.0,STANDING,5.12,-0.004
1,168632.2,STANDING,5.06,0.002
1,168664.8,STANDING,5.05,0.019
1,168698.9,STANDING,5.05,0.041
1,168731.4,STANDING,4.96,0.031
1,168764.8,STANDING,4.90,0.021
1,168799.0,STANDING,4.69,0.005
1,168831.3,STANDING,4.41,0.001
1,168864.5,STANDING,4.14,0.001
1,168898.0,STANDING,3.81,0.000
1,168931.6,STANDING,3.50,0.009
1,168964.5,STANDING,3.38,0.006
1,168998.2,STANDING,3.24,0.032
1,169031.3,STANDING,3.27,0.036
1,169064.7,STANDING,3.30,0.021
1,169097.9,STANDING,3.18,0.013
1,169132.3,STANDING,3.11,0.020
1,169164.5,STANDING,3.08,0.013
1,169199.0,STANDING,3.04,0.015
1,169232.4,STANDING,3.12,0.009
1,169264.5,STANDING,3.24,0.004
1,169297.8,STANDING,3.36,0.003
1,169331.2,STANDING,3.52,0.012
1,169364.8,STANDING,3.71,0.042
1,169397.8,STANDING,3.97,0.032
1,169431.4,STANDING,4.18,0.018
1,169464.7,STANDING,4.40,0.011
1,169497.9,STANDING,4.50,0.007
1,169531.4,STANDING,4.58,0.004
1,169564.7,STANDING,4.53,-0.000
1,169597.9,STANDING,4.42,-0.000
1,169631.1,STANDING,4.21,-0.000
1,169664.5,STANDING,3.94,-0.010
1,169698.1,STANDING,3.55,-0.012
1,169731.2,STANDING,3.10,-0.008
1,169764.6,STANDING,2.54,-0.012
1,169798.9,STANDING,1.84,-0.005
1,169831.3,STANDING,1.20,0.001
1,169864.8,STANDING,1.26,0.007
1,169898.0,STANDING,1.81,0.017
1,169931.4,STANDING,2.70,0.029
1,169965.7,STANDING,3.58,0.021
1,169998.0,STANDING,4.52,0.074
1,170032.2,STANDING,5.41,0.152
1,170064.6,STANDING,6.37,0.248
1,170097.9,STANDING,7.41,0.280
1,170131.4,STANDING,8.44,0.318
1,170165.6,STANDING,9.47,0.386
1,170197.9,FALLING,10.14,0.540
1,170231.4,FALLING,10.61,0.631
1,170264.6,FALLING,10.88,0.563
1,170298.1,FALLING,10.72,0.613
1,170331.4,FALLING,10.03,0.617
1,170364.6,FALLING,8.99,0.606
1,170398.1,FALLING,7.66,0.636
1,170432.3,FALLING,6.42,0.592
1,170464.8,FALLING,5.64,0.562
1,170497.8,FALLING,5.89,0.569
1,170531.4,FALLING,7.75,0.497
1,170564.7,FALLING,11.42,0.425
1,170598.1,FALLING,16.48,0.417
1,170631.2,FALLING,22.64,0.357
1,170664.8,FALLING,29.39,0.223
1,170698.2,FALLING,36.66,0.090
1,170731.5,FALLING,43.79,0.026
1,170764.5,FALLING,50.47,0.031
1,170797.8,FALLING,56.57,0.031
1,170832.3,FALLEN,63.23,-0.026
1,170864.8,FALLEN,69.60,-0.054
1,170898.1,FALLEN,76.41,-0.106
1,170931.4,FALLEN,80.78,-0.157
1,170965.7,FALLEN,82.05,-0.141
1,170998.1,FALLEN,82.15,-0.121
1,171031.3,FALLEN,82.05,-0.078
1,171064.5,FALLEN,81.83,-0.043
1,171098.1,FALLEN,81.13,-0.023
1,171131.2,FALLEN,80.66,-0.009
1,171164.5,FALLEN,80.10,-0.006
1,171198.1,FALLEN,79.27,-0.039
1,171232.3,FALLEN,78.23,-0.024
1,171264.9,FALLEN,77.50,0.011
1,171297.8,FALLEN,77.47,0.038
1,171331.3,FALLEN,77.57,0.019
1,171365.6,FALLEN,77.39,0.013
1,171398.9,FALLEN,77.00,-0.024
1,171431.4,FALLEN,76.36,-0.037
1,171464.5,FALLEN,75.67,-0.040
1,171498.0,FALLEN,75.06,-0.023
1,171531.6,FALLEN,74.44,-0.012
1,171564.6,FALLEN,73.73,-0.028
1,171598.0,FALLEN,73.42,-0.019
1,171631.4,FALLEN,73.26,-0.009
1,171664.8,FALLEN,73.16,-0.005
1,171698.9,FALLEN,73.08,-0.003
1,171731.2,FALLEN,72.92,-0.010
1,171764.7,FALLEN,72.64,-0.020
1,171798.1,FALLEN,72.37,-0.017
1,171831.4,FALLEN,72.12,-0.011
1,171864.7,FALLEN,71.84,-0.018
1,171898.0,FALLEN,71.60,-0.012
1,171931.3,FALLEN,71.59,0.004
1,171964.7,FALLEN,71.68,0.011
1,171999.1,FALLEN,71.73,0.006
1,172031.2,FALLEN,71.82,0.007
1,172064.7,FALLEN,71.87,0.005
1,172097.8,FALLEN,71.93,0.004
1,172131.1,FALLEN,72.01,0.005
1,172164.6,FALLEN,72.06,0.005
1,172197.8,FALLEN,72.13,0.008
1,172231.2,FALLEN,72.20,0.005
1,172265.0,FALLEN,72.25,0.004
1,172298.1,FALLEN,72.34,0.005
1,172332.3,FALLEN,72.43,0.005
1,172364.7,FALLEN,72.50,0.003
1,172399.0,FALLEN,72.38,-0.012
1,172431.6,FALLEN,72.32,-0.008
1,172464.9,FALLEN,72.39,0.006
1,172497.8,FALLEN,72.45,0.004
1,172531.2,FALLEN,72.50,0.002
1,172564.8,FALLEN,72.55,0.001
1,172598.1,FALLEN,72.58,0.001
1,172631.5,FALLEN,72.61,0.001
1,172664.5,FALLEN,72.65,0.000
1,172698.1,FALLEN,72.71,0.001
1,172731.2,FALLEN,72.74,0.000
1,172773.0,FALLEN,72.79,0.002
1,172799.0,FALLEN,72.70,-0.013
1,172831.4,FALLEN,72.70,-0.003
1,172864.5,FALLEN,72.70,-0.001
1,172898.1,FALLEN,72.71,0.001
1,172931.2,FALLEN,72.73,-0.000
1,172964.7,FALLEN,72.75,-0.000
1,172998.1,FALLEN,72.82,-0.000
1,173031.3,FALLEN,72.91,0.002
1,173064.9,FALLEN,72.79,-0.013
1,173097.9,FALLEN,72.88,0.005
1,173131.2,FALLEN,72.95,0.006
1,173164.8,FALLEN,73.01,0.003
1,173198.3,FALLEN,73.03,0.001
1,173231.5,FALLEN,73.09,-0.000
1,173264.8,FALLEN,73.19,0.006
1,173297.9,FALLEN,73.25,0.003
1,173332.3,FALLEN,73.24,0.004
1,173364.8,FALLEN,73.18,-0.003
1,173398.0,FALLEN,73.16,-0.002
1,173431.4,FALLEN,73.02,-0.012
1,173464.7,FALLEN,72.95,-0.004
1,173498.1,FALLEN,72.92,-0.003
1,173531.4,FALLEN,72.92,0.001
1,173564.5,FALLEN,72.95,0.002
1,173597.9,FALLEN,72.96,0.001
1,173631.3,FALLEN,72.95,0.001
1,173664.7,FALLEN,72.97,0.000
1,173698.2,FALLEN,73.03,0.004
1,173731.2,FALLEN,73.07,0.001
1,173764.8,FALLEN,73.11,0.003
1,173797.9,FALLEN,73.16,0.005
1,173832.3,FALLEN,73.19,0.002
1,173864.5,FALLEN,73.24,0.003
1,173898.0,FALLEN,73.25,0.003
1,173931.4,FALLEN,73.24,0.003
1,173964.5,FALLEN,73.23,-0.002
1,173998.1,FALLEN,73.23,0.000
1,174031.6,FALLEN,73.22,0.002
1,174064.8,FALLEN,73.22,0.001
1,174098.2,FALLEN,73.22,0.000
1,174131.2,FALLEN,73.22,0.000
1,174164.7,FALLEN,73.21,0.000
1,174198.2,FALLEN,73.23,0.000
1,174231.4,FALLEN,73.25,0.002
1,174264.8,FALLEN,73.26,0.001
1,174299.0,FALLEN,73.29,0.000
1,174331.1,FALLEN,73.31,0.000
1,174364.5,FALLEN,73.32,-0.000
1,174397.9,FALLEN,73.34,-0.000
1,174431.2,FALLEN,73.36,0.003
1,174464.7,FALLEN,73.37,0.002
1,174498.9,FALLEN,73.37,-0.002
1,174531.2,FALLEN,73.39,0.001
1,174564.7,FALLEN,73.41,0.001
1,174597.8,FALLEN,73.40,0.001
1,174631.3,FALLEN,73.35,-0.006
1,174664.8,FALLEN,73.40,0.004
1,174699.0,FALLEN,73.43,0.003
1,174731.4,FALLEN,73.45,0.002
1,174764.8,FALLEN,73.44,-0.001
1,174798.0,FALLEN,73.43,-0.001
1,174831.5,FALLEN,73.41,-0.000
1,174864.6,FALLEN,73.38,-0.001
1,174898.2,FALLEN,73.36,-0.002
1,174931.2,FALLEN,73.37,0.000
1,174973.0,FALLEN,73.34,-0.002
1,174999.0,FALLEN,73.31,-0.003
1,175039.7,FALLEN,73.35,0.001
1,175072.2,FALLEN,73.34,-0.000
1,175107.3,FALLEN,73.34,-0.001
1,175138.6,FALLEN,73.05,-0.028
1,175173.0,FALLEN,72.94,-0.012
1,175197.0,FALLEN,72.92,-0.008
1,175240.0,FALLEN,73.09,0.009
1,175272.9,FALLEN,73.12,0.004
1,175297.8,FALLEN,73.13,0.000
1,175339.6,FALLEN,73.15,0.001
1,175364.8,FALLEN,73.15,0.000
1,175398.0,FALLEN,73.19,-0.002
1,175431.3,FALLEN,73.22,-0.001
1,175473.0,FALLEN,73.24,-0.000
1,175506.4,FALLEN,73.24,0.001
1,175531.2,FALLEN,73.29,0.005
1,175573.0,FALLEN,73.58,0.019
1,175606.3,FALLEN,74.08,0.047
1,175639.7,FALLEN,74.86,0.051
1,175672.2,FALLEN,75.99,0.052
1,175706.2,FALLEN,77.16,0.051
1,175739.6,FALLEN,78.33,0.034
1,175764.6,FALLEN,79.48,0.024
1,175806.3,FALLEN,80.81,0.014
1,175839.8,ALERTED,81.99,0.010
1,175872.9,ALERTED,83.09,0.010
1,175907.4,ALERTED,84.37,0.005
1,175939.8,ALERTED,85.71,0.002
1,175964.5,ALERTED,87.08,-0.006
1,176006.3,ALERTED,88.20,-0.039
1,176039.8,ALERTED,88.84,-0.071
1,176073.3,ALERTED,88.96,-0.076
1,176098.7,ALERTED,88.33,-0.070
1,176131.2,ALERTED,87.47,-0.038
1,176164.5,ALERTED,86.50,-0.040
1,176198.1,ALERTED,85.15,-0.038
1,176231.2,ALERTED,84.60,-0.059
1,176264.5,ALERTED,83.90,-0.049
1,176299.0,ALERTED,83.40,-0.036
1,176339.6,ALERTED,82.92,-0.024
1,176364.6,ALERTED,82.53,-0.020
1,176406.3,ALERTED,82.25,-0.010
1,176439.6,ALERTED,81.95,0.009
1,176472.9,ALERTED,81.91,0.027
1,176506.2,ALERTED,82.19,0.049
1,176531.2,ALERTED,82.12,0.084
1,176572.9,ALERTED,80.74,0.150
1,176606.3,ALERTED,79.76,0.144
1,176632.2,ALERTED,79.27,0.143
1,176664.5,ALERTED,80.44,0.078
1,176697.9,ALERTED,81.53,0.042
1,176731.4,ALERTED,82.14,0.031
1,176764.8,ALERTED,81.97,0.019
1,176797.9,ALERTED,82.98,-0.035
1,176839.6,ALERTED,85.20,-0.088
1,176873.0,ALERTED,86.57,-0.069
1,176906.3,ALERTED,87.23,-0.078
1,176940.0,ALERTED,87.19,-0.047
1,176973.3,ALERTED,87.13,-0.035
1,177006.2,ALERTED,88.03,-0.086
1,177040.7,ALERTED,88.82,-0.057
1,177064.5,ALERTED,89.23,-0.107
1,177107.4,ALERTED,89.12,-0.112
1,177130.3,ALERTED,88.74,-0.174
1,177173.1,ALERTED,87.78,-0.178
1,177197.9,ALERTED,86.40,-0.248
1,177231.7,ALERTED,84.19,-0.209
1,177264.9,ALERTED,81.79,-0.238
1,177306.4,ALERTED,78.55,-0.196
1,177339.5,ALERTED,75.33,-0.190
1,177373.3,ALERTED,71.57,-0.125
1,177398.0,ALERTED,67.42,-0.175
1,177431.5,ALERTED,63.56,-0.110
1,177473.1,ALERTED,59.77,-0.015
1,177506.4,ALERTED,54.34,0.271
1,177531.2,ALERTED,48.54,0.437
1,177573.0,STANDING,42.62,0.420
1,177599.0,STANDING,37.82,0.316
1,177631.8,STANDING,33.35,0.283
1,177673.0,STANDING,29.82,0.202
1,177706.6,STANDING,26.86,0.124
1,177739.7,STANDING,24.25,0.087
1,177764.6,STANDING,21.99,0.035
1,177799.0,STANDING,19.87,0.029
1,177839.7,STANDING,17.65,-0.085
1,177873.3,STANDING,15.98,-0.089
1,177906.2,STANDING,14.40,-0.156
1,177940.0,STANDING,13.19,-0.198
1,177973.1,STANDING,12.64,-0.422
1,178006.4,STANDING,12.02,-0.425
1,178039.9,STANDING,10.86,-0.373
1,178073.3,STANDING,9.21,-0.376
1,178106.6,STANDING,7.14,-0.311
1,178139.6,STANDING,4.70,-0.244
1,178165.8,STANDING,2.95,-0.233
1,178197.9,STANDING,1.89,-0.132
1,178232.2,STANDING,1.31,-0.138
1,178264.8,STANDING,0.98,-0.054
1,178297.9,STANDING,0.62,0.027
1,178339.6,STANDING,0.51,0.011
1,178374.1,STANDING,0.53,0.039
1,178407.4,STANDING,0.66,0.042
1,178440.7,STANDING,0.87,0.046
1,178473.2,STANDING,1.00,0.091
1,178497.9,STANDING,0.95,0.108
1,178539.7,STANDING,0.73,0.069
1,178573.0,STANDING,0.56,0.093
1,178606.7,STANDING,0.44,0.116
1,178639.9,STANDING,0.37,0.145
1,178673.3,STANDING,0.26,0.253
1,178706.5,FALLING,0.24,0.463
1,178740.0,FALLING,0.34,0.772
1,178773.3,FALLING,0.61,0.876
1,178806.5,FALLING,1.30,0.843
1,178839.5,FALLING,1.64,0.718
1,178872.8,FALLING,1.78,0.632
1,178906.7,FALLING,2.00,0.497
1,178939.5,FALLING,2.21,0.552
1,178973.0,FALLING,2.36,0.556
1,179006.3,FALLING,2.69,0.473
1,179031.2,FALLING,2.97,0.633
1,179072.9,FALLING,3.22,0.474
1,179097.9,FALLING,3.42,0.064
1,179139.6,FALLING,3.65,-0.113
1,179164.6,FALLING,3.87,-0.116
1,179206.4,FALLING,3.88,0.062
1,179237.5,FALLING,3.72,0.290
1,179270.7,FALLING,3.19,0.430
1,179302.2,FALLING,2.83,0.494
1,179335.7,FALLING,2.44,0.553
1,179368.7,FALLING,1.97,0.768
1,179402.2,FALLING,1.45,0.784
1,179434.9,FALLING,1.33,0.736
1,179469.8,FALLING,1.22,0.775
1,179502.3,FALLING,1.17,0.295
1,179535.4,FALLING,0.73,-0.030
1,179569.1,FALLING,0.68,0.030
1,179602.5,FALLING,0.42,-0.237
1,179635.6,FALLING,0.30,0.291
1,179668.7,FALLING,0.38,0.121
1,179702.1,FALLING,0.65,0.002
1,179735.6,STANDING,0.83,-0.186
1,179769.0,STANDING,0.73,0.199
1,179801.5,STANDING,1.03,0.253
1,179835.8,STANDING,1.05,0.271
1,179868.8,STANDING,1.20,0.112
1,179902.5,STANDING,1.29,0.254
1,179935.7,FALLING,1.29,0.540
1,179969.1,FALLING,1.50,0.261
1,180002.0,FALLING,1.57,0.092
1,180035.3,FALLING,1.44,0.114
1,180069.1,FALLING,1.51,-1.242
1,180102.2,FALLING,1.17,-0.771
1,180135.5,FALLING,0.86,-0.417
1,180168.8,FALLING,0.73,-1.097
1,180202.0,FALLING,0.50,0.822
1,180235.4,FALLING,0.38,1.438
1,180268.9,FALLING,0.52,-0.480
1,180302.1,FALLING,0.58,0.125
1,180335.7,FALLING,0.50,0.556
1,180369.0,FALLING,0.47,0.489
1,180401.1,FALLING,0.57,0.157
1,180435.6,FALLING,0.60,0.067
1,180468.7,FALLING,0.47,-0.123
1,180502.4,FALLING,0.40,-0.069
1,180535.8,FALLING,0.34,-0.808
1,180568.6,FALLING,0.31,-0.429
1,180600.8,FALLING,0.35,0.707
1,180632.6,FALLING,0.42,0.173
1,180664.8,FALLING,0.42,-0.374
1,180698.1,FALLING,0.35,1.113
1,180731.3,FALLING,0.42,0.518
1,180772.7,FALLING,0.52,0.222
1,180806.3,FALLING,0.50,0.022
1,180838.6,FALLING,0.40,-0.046
1,180869.2,FALLING,0.26,-1.192
1,180894.7,FALLING,0.18,-0.661
1,180941.5,STANDING,0.18,-0.595
1,180974.2,STANDING,0.20,0.167
1,181006.2,STANDING,0.18,0.135
1,181039.5,STANDING,0.17,-0.072
1,181064.5,STANDING,0.14,0.024
1,181106.1,STANDING,0.22,0.415
1,181139.5,STANDING,0.34,-0.295
1,181172.8,STANDING,0.38,0.377
1,181197.7,STANDING,0.41,-1.032
1,181236.6,STANDING,0.63,0.258
1,181270.0,STANDING,0.90,0.242
1,181302.3,STANDING,1.30,-0.401
1,181336.3,FALLING,1.52,0.773
1,181368.8,FALLING,1.57,0.366
1,181402.8,FALLING,1.72,0.268
1,181433.9,FALLING,1.86,0.114
1,181473.9,FALLING,2.35,-1.064
1,181497.6,FALLING,2.50,-0.864
1,181539.3,FALLING,2.39,0.393
1,181572.6,FALLING,2.37,0.058
1,181606.2,FALLING,2.34,-0.026
1,181639.6,FALLING,2.30,-0.018
1,181673.5,FALLING,2.18,-0.087
1,181704.0,FALLING,2.09,-0.541
1,181736.4,FALLING,1.96,-0.709
1,181768.6,FALLING,2.02,-1.376
1,181801.1,FALLING,2.00,-0.527
1,181834.8,FALLING,1.94,0.873
1,181869.5,FALLING,1.85,0.633
1,181901.8,FALLING,1.89,0.479
1,181935.1,FALLING,1.88,0.677
1,181968.5,FALLING,1.82,0.492
1,182002.0,FALLING,1.90,0.225
1,182035.1,FALLING,1.98,0.247
1,182068.4,FALLING,2.27,-0.522
1,182101.9,FALLING,2.52,0.121
1,182135.3,FALLING,2.40,0.355
1,182168.7,FALLING,2.36,0.102
1,182202.7,FALLING,2.27,-1.011
1,182235.3,FALLING,2.28,-0.539
1,182268.2,FALLING,2.44,-1.736
1,182301.1,FALLING,2.71,-1.834
1,182335.2,FALLING,2.73,-0.958
1,182360.3,STANDING,2.69,1.659
1,182402.0,FALLING,2.41,2.119
1,182436.1,FALLING,2.13,-0.016
1,182469.5,FALLING,1.91,-1.741
1,182501.8,FALLING,2.51,-2.229
1,182535.2,FALLING,3.18,-1.511
1,182560.2,FALLING,4.47,-3.137
1,182601.9,FALLING,4.49,-0.077
1,182636.0,FALLING,4.37,1.070
1,182668.5,FALLING,3.87,0.644
1,182701.9,FALLING,3.24,2.874
1,182734.2,FALLING,3.03,0.552
1,182765.7,FALLING,2.75,1.406
1,182806.4,FALLING,2.25,0.503
1,182839.7,FALLING,2.03,0.110
1,182865.4,FALLING,1.76,-0.119
1,182906.3,FALLING,1.61,-1.082
1,182930.9,FALLING,1.74,-0.768
1,182973.0,FALLING,2.03,-0.121
1,183006.0,FALLING,2.22,-0.063
1,183032.0,FALLING,2.42,-0.083
1,183063.6,FALLING,2.57,1.392
1,183106.1,FALLING,2.56,1.477
1,183139.8,FALLING,2.57,0.609
1,183172.7,FALLING,2.76,-1.109
1,183197.7,FALLING,3.02,-1.873
1,183239.4,FALLING,3.15,-0.833
1,183264.4,FALLING,3.13,-0.456
1,183298.8,FALLING,3.01,-0.204
1,183332.0,FALLING,2.82,-1.016
1,183373.8,FALLING,2.71,-0.490
1,183397.7,FALLING,3.27,-1.890
1,183439.4,STANDING,3.74,-0.337
1,183464.4,STANDING,3.94,-0.078
1,183497.7,FALLING,3.63,1.150
1,183539.4,FALLING,3.11,0.217
1,183572.8,FALLING,2.97,-0.369
1,183598.0,FALLING,2.95,-0.562
1,183636.7,FALLING,3.16,-0.474
1,183669.9,FALLING,3.51,-0.467
1,183701.9,FALLING,3.99,-0.812
1,183735.7,FALLING,4.21,-0.010
1,183768.9,FALLING,4.95,-1.019
1,183802.2,FALLING,4.33,2.473
1,183835.3,FALLING,3.87,1.368
1,183868.6,FALLING,3.52,0.579
1,183901.9,FALLING,3.26,-0.283
1,183935.5,FALLING,3.34,-0.066
1,183966.6,FALLING,3.40,0.343
1,183998.4,FALLING,3.40,-0.007
1,184029.0,FALLING,3.58,-1.211
1,184070.1,FALLING,3.77,-0.009
1,184103.0,FALLING,3.50,-0.834
1,184135.3,FALLING,3.39,-0.500
1,184168.4,FALLING,3.51,-0.137
1,184201.8,FALLING,4.50,-1.561
1,184227.6,FALLING,4.40,0.663
1,184268.6,FALLING,4.17,0.010
1,184301.8,FALLING,4.03,0.068
1,184335.2,FALLING,3.98,1.619
1,184368.8,FALLING,3.88,0.802
1,184401.8,FALLING,3.35,2.995
1,184435.3,FALLING,2.97,1.394
1,184468.5,FALLING,2.69,1.151
1,184501.7,STANDING,2.75,0.292
1,184531.5,FALLING,2.44,0.705
1,184563.3,FALLING,2.58,-2.066
1,184602.9,FALLING,2.56,-1.557
1,184635.0,FALLING,2.70,-1.873
1,184668.6,FALLING,2.82,-0.853
1,184701.7,FALLING,2.89,0.070
1,184736.1,FALLING,2.95,0.097
1,184769.4,FALLING,3.02,0.097
1,184801.7,FALLING,3.07,0.146
1,184835.1,FALLING,3.01,0.375
1,184868.5,FALLING,2.79,-0.137
1,184902.8,FALLING,2.56,1.634
1,184935.4,FALLING,3.05,-1.821
1,184968.4,FALLING,3.74,-0.815
1,185001.8,FALLING,4.05,-0.360
1,185027.8,FALLING,4.25,-0.165